Mouse;GL_ID;CL_ID;Chromosome;Start;End;Ref;Alt;Gene
A1-1-1;A1-1-1_tail;A1-1-1_BM;chr1;110925165;110925165;G;A;Cdh19
A1-1-1;A1-1-1_tail;A1-1-1_BM;chr1;88215102;88215102;G;A;Ugt1a1
A1-1-1;A1-1-1_tail;A1-1-1_BM;chr1;63309706;63309706;G;A;Zdbf2
A1-1-1;A1-1-1_tail;A1-1-1_BM;chr2;93696152;93696152;G;A;Ext2
A1-1-1;A1-1-1_tail;A1-1-1_BM;chr2;155421512;155421512;G;A;Ncoa6
A1-1-1;A1-1-1_tail;A1-1-1_BM;chr2;124664020;124664020;G;A;Sema6d
A1-1-1;A1-1-1_tail;A1-1-1_BM;chr2;59838975;59838975;G;A;Tanc1
A1-1-1;A1-1-1_tail;A1-1-1_BM;chr3;106149750;106149750;T;C;Chi3l3
A1-1-1;A1-1-1_tail;A1-1-1_BM;chr4;63225586;63225586;T;G;Col27a1
A1-1-1;A1-1-1_tail;A1-1-1_BM;chr5;120609628;120609628;G;A;1110008J03Rik
A1-1-1;A1-1-1_tail;A1-1-1_BM;chr5;14539711;14539711;C;T;Pclo
A1-1-1;A1-1-1_tail;A1-1-1_BM;chr6;38196439;38196439;G;A;D630045J12Rik
A1-1-1;A1-1-1_tail;A1-1-1_BM;chr6;85337030;85337030;G;A;Rab11fip5
A1-1-1;A1-1-1_tail;A1-1-1_BM;chr7;128133275;128133275;T;C;Itgax
A1-1-1;A1-1-1_tail;A1-1-1_BM;chr7;102752989;102752989;T;A;Olfr560
A1-1-1;A1-1-1_tail;A1-1-1_BM;chr7;25081644;25081644;C;T;Zfp574
A1-1-1;A1-1-1_tail;A1-1-1_BM;chr8;27154308;27154308;G;A;Rab11fip1
A1-1-1;A1-1-1_tail;A1-1-1_BM;chr9;14572677;14572677;C;T;Amotl1
A1-1-1;A1-1-1_tail;A1-1-1_BM;chr9;54335830;54335830;T;A;Gldn
A1-1-1;A1-1-1_tail;A1-1-1_BM;chr10;11295240;11295240;T;G;Fbxo30
A1-1-1;A1-1-1_tail;A1-1-1_BM;chr10;129912132;129912132;C;T;Olfr816
A1-1-1;A1-1-1_tail;A1-1-1_BM;chr10;94794675;94794675;C;A;Plxnc1
A1-1-1;A1-1-1_tail;A1-1-1_BM;chr10;51723856;51723856;C;T;Rfx6
A1-1-1;A1-1-1_tail;A1-1-1_BM;chr10;26245602;26245602;T;C;Samd3
A1-1-1;A1-1-1_tail;A1-1-1_BM;chr10;33200204;33200204;C;A;Trdn
A1-1-1;A1-1-1_tail;A1-1-1_BM;chr11;120273314;120273314;G;A;Bahcc1
A1-1-1;A1-1-1_tail;A1-1-1_BM;chr11;106813834;106813834;G;A;Cep95
A1-1-1;A1-1-1_tail;A1-1-1_BM;chr11;54916905;54916905;G;A;Tnip1
A1-1-1;A1-1-1_tail;A1-1-1_BM;chr13;73268858;73268858;G;A;Irx4
A1-1-1;A1-1-1_tail;A1-1-1_BM;chr14;37057443;37057443;A;T;Lrit1
A1-1-1;A1-1-1_tail;A1-1-1_BM;chr14;79770248;79770248;C;T;Pcdh8
A1-1-1;A1-1-1_tail;A1-1-1_BM;chr14;57643200;57643200;G;A;Xpo4
A1-1-1;A1-1-1_tail;A1-1-1_BM;chr15;76106727;76106727;C;T;Eppk1
A1-1-1;A1-1-1_tail;A1-1-1_BM;chr15;52335160;52335160;G;T;Slc30a8
A1-1-1;A1-1-1_tail;A1-1-1_BM;chr17;65256583;65256583;C;T;Tmem232
A1-1-1;A1-1-1_tail;A1-1-1_BM;chr18;34863349;34863349;G;T;Egr1
A1-1-1;A1-1-1_tail;A1-1-1_BM;chr19;29717713;29717713;G;A;9930021J03Rik
A1-1-1;A1-1-1_tail;A1-1-1_BM;chr19;54047310;54047310;G;A;Adra2a
A1-1-1;A1-1-1_tail;A1-1-1_BM;chrX;94538510;94538510;T;C;Maged1
A1-1-1;A1-1-1_tail;A1-1-1_BM;chrX;139824102;139824102;C;T;Morc4
A1-2-1;A1-2-1_tail;A1-2-1_BM;chr1;110925165;110925165;G;A;Cdh19
A1-2-1;A1-2-1_tail;A1-2-1_BM;chr2;93696152;93696152;G;A;Ext2
A1-2-1;A1-2-1_tail;A1-2-1_BM;chr2;155421512;155421512;G;A;Ncoa6
A1-2-1;A1-2-1_tail;A1-2-1_BM;chr2;124664020;124664020;G;A;Sema6d
A1-2-1;A1-2-1_tail;A1-2-1_BM;chr2;59838975;59838975;G;A;Tanc1
A1-2-1;A1-2-1_tail;A1-2-1_BM;chr3;106149750;106149750;T;C;Chi3l3
A1-2-1;A1-2-1_tail;A1-2-1_BM;chr3;158161735;158161735;C;T;Lrrc7
A1-2-1;A1-2-1_tail;A1-2-1_BM;chr4;63225586;63225586;T;G;Col27a1
A1-2-1;A1-2-1_tail;A1-2-1_BM;chr4;113177004;113177004;G;A;Skint6
A1-2-1;A1-2-1_tail;A1-2-1_BM;chr5;120609628;120609628;G;A;1110008J03Rik
A1-2-1;A1-2-1_tail;A1-2-1_BM;chr5;35043862;35043880;GTGGGCGACCACTGGGCCC;-;Hgfac
A1-2-1;A1-2-1_tail;A1-2-1_BM;chr6;38196439;38196439;G;A;D630045J12Rik
A1-2-1;A1-2-1_tail;A1-2-1_BM;chr6;85337030;85337030;G;A;Rab11fip5
A1-2-1;A1-2-1_tail;A1-2-1_BM;chr7;128133275;128133275;T;C;Itgax
A1-2-1;A1-2-1_tail;A1-2-1_BM;chr7;102752989;102752989;T;A;Olfr560
A1-2-1;A1-2-1_tail;A1-2-1_BM;chr7;25081644;25081644;C;T;Zfp574
A1-2-1;A1-2-1_tail;A1-2-1_BM;chr8;27154308;27154308;G;A;Rab11fip1
A1-2-1;A1-2-1_tail;A1-2-1_BM;chr9;14572677;14572677;C;T;Amotl1
A1-2-1;A1-2-1_tail;A1-2-1_BM;chr9;54335830;54335830;T;A;Gldn
A1-2-1;A1-2-1_tail;A1-2-1_BM;chr10;11295240;11295240;T;G;Fbxo30
A1-2-1;A1-2-1_tail;A1-2-1_BM;chr10;129912132;129912132;C;T;Olfr816
A1-2-1;A1-2-1_tail;A1-2-1_BM;chr10;94794675;94794675;C;A;Plxnc1
A1-2-1;A1-2-1_tail;A1-2-1_BM;chr10;51723856;51723856;C;T;Rfx6
A1-2-1;A1-2-1_tail;A1-2-1_BM;chr10;26245602;26245602;T;C;Samd3
A1-2-1;A1-2-1_tail;A1-2-1_BM;chr10;33200204;33200204;C;A;Trdn
A1-2-1;A1-2-1_tail;A1-2-1_BM;chr11;120273314;120273314;G;A;Bahcc1
A1-2-1;A1-2-1_tail;A1-2-1_BM;chr11;106813834;106813834;G;A;Cep95
A1-2-1;A1-2-1_tail;A1-2-1_BM;chr11;54916905;54916905;G;A;Tnip1
A1-2-1;A1-2-1_tail;A1-2-1_BM;chr13;73268858;73268858;G;A;Irx4
A1-2-1;A1-2-1_tail;A1-2-1_BM;chr14;37057443;37057443;A;T;Lrit1
A1-2-1;A1-2-1_tail;A1-2-1_BM;chr14;79770248;79770248;C;T;Pcdh8
A1-2-1;A1-2-1_tail;A1-2-1_BM;chr14;57643200;57643200;G;A;Xpo4
A1-2-1;A1-2-1_tail;A1-2-1_BM;chr15;76106727;76106727;C;T;Eppk1
A1-2-1;A1-2-1_tail;A1-2-1_BM;chr15;52335160;52335160;G;T;Slc30a8
A1-2-1;A1-2-1_tail;A1-2-1_BM;chr15;89116046;89116046;C;T;Tubgcp6
A1-2-1;A1-2-1_tail;A1-2-1_BM;chr17;65256583;65256583;C;T;Tmem232
A1-2-1;A1-2-1_tail;A1-2-1_BM;chr18;34863349;34863349;G;T;Egr1
A1-2-1;A1-2-1_tail;A1-2-1_BM;chr19;29717713;29717713;G;A;9930021J03Rik
A1-2-1;A1-2-1_tail;A1-2-1_BM;chr19;54047310;54047310;G;A;Adra2a
A1-2-1;A1-2-1_tail;A1-2-1_BM;chrX;94538510;94538510;T;C;Maged1
A1-2-1;A1-2-1_tail;A1-2-1_BM;chrX;139824102;139824102;C;T;Morc4
A1-2-1;A1-2-1_tail;A1-2-1_BM;chrX;96160175;96160175;C;T;Msn
A1-2-2;A1-2-2_tail;A1-2-2_BM;chr1;110925165;110925165;G;A;Cdh19
A1-2-2;A1-2-2_tail;A1-2-2_BM;chr2;93696152;93696152;G;A;Ext2
A1-2-2;A1-2-2_tail;A1-2-2_BM;chr2;155421512;155421512;G;A;Ncoa6
A1-2-2;A1-2-2_tail;A1-2-2_BM;chr2;124664020;124664020;G;A;Sema6d
A1-2-2;A1-2-2_tail;A1-2-2_BM;chr2;59838975;59838975;G;A;Tanc1
A1-2-2;A1-2-2_tail;A1-2-2_BM;chr3;106149750;106149750;T;C;Chi3l3
A1-2-2;A1-2-2_tail;A1-2-2_BM;chr4;63225586;63225586;T;G;Col27a1
A1-2-2;A1-2-2_tail;A1-2-2_BM;chr5;120609628;120609628;G;A;1110008J03Rik
A1-2-2;A1-2-2_tail;A1-2-2_BM;chr5;35043862;35043880;GTGGGCGACCACTGGGCCC;-;Hgfac
A1-2-2;A1-2-2_tail;A1-2-2_BM;chr5;14539711;14539711;C;T;Pclo
A1-2-2;A1-2-2_tail;A1-2-2_BM;chr6;38196439;38196439;G;A;D630045J12Rik
A1-2-2;A1-2-2_tail;A1-2-2_BM;chr6;85337030;85337030;G;A;Rab11fip5
A1-2-2;A1-2-2_tail;A1-2-2_BM;chr7;128133275;128133275;T;C;Itgax
A1-2-2;A1-2-2_tail;A1-2-2_BM;chr7;102752989;102752989;T;A;Olfr560
A1-2-2;A1-2-2_tail;A1-2-2_BM;chr7;25081644;25081644;C;T;Zfp574
A1-2-2;A1-2-2_tail;A1-2-2_BM;chr8;27154308;27154308;G;A;Rab11fip1
A1-2-2;A1-2-2_tail;A1-2-2_BM;chr9;14572677;14572677;C;T;Amotl1
A1-2-2;A1-2-2_tail;A1-2-2_BM;chr9;54335830;54335830;T;A;Gldn
A1-2-2;A1-2-2_tail;A1-2-2_BM;chr10;11295240;11295240;T;G;Fbxo30
A1-2-2;A1-2-2_tail;A1-2-2_BM;chr10;129912132;129912132;C;T;Olfr816
A1-2-2;A1-2-2_tail;A1-2-2_BM;chr10;94794675;94794675;C;A;Plxnc1
A1-2-2;A1-2-2_tail;A1-2-2_BM;chr10;51723856;51723856;C;T;Rfx6
A1-2-2;A1-2-2_tail;A1-2-2_BM;chr10;26245602;26245602;T;C;Samd3
A1-2-2;A1-2-2_tail;A1-2-2_BM;chr10;33200204;33200204;C;A;Trdn
A1-2-2;A1-2-2_tail;A1-2-2_BM;chr11;120273314;120273314;G;A;Bahcc1
A1-2-2;A1-2-2_tail;A1-2-2_BM;chr11;106813834;106813834;G;A;Cep95
A1-2-2;A1-2-2_tail;A1-2-2_BM;chr11;54916905;54916905;G;A;Tnip1
A1-2-2;A1-2-2_tail;A1-2-2_BM;chr13;73268858;73268858;G;A;Irx4
A1-2-2;A1-2-2_tail;A1-2-2_BM;chr13;73540922;73540922;C;A;Slc6a3
A1-2-2;A1-2-2_tail;A1-2-2_BM;chr14;37057443;37057443;A;T;Lrit1
A1-2-2;A1-2-2_tail;A1-2-2_BM;chr14;79770248;79770248;C;T;Pcdh8
A1-2-2;A1-2-2_tail;A1-2-2_BM;chr14;57643200;57643200;G;A;Xpo4
A1-2-2;A1-2-2_tail;A1-2-2_BM;chr15;76106727;76106727;C;T;Eppk1
A1-2-2;A1-2-2_tail;A1-2-2_BM;chr15;52335160;52335160;G;T;Slc30a8
A1-2-2;A1-2-2_tail;A1-2-2_BM;chr17;65256583;65256583;C;T;Tmem232
A1-2-2;A1-2-2_tail;A1-2-2_BM;chr18;34863349;34863349;G;T;Egr1
A1-2-2;A1-2-2_tail;A1-2-2_BM;chr19;29717713;29717713;G;A;9930021J03Rik
A1-2-2;A1-2-2_tail;A1-2-2_BM;chr19;54047310;54047310;G;A;Adra2a
A1-2-2;A1-2-2_tail;A1-2-2_BM;chrX;94538510;94538510;T;C;Maged1
A1-2-2;A1-2-2_tail;A1-2-2_BM;chrX;139824102;139824102;C;T;Morc4
A1-2-2;A1-2-2_tail;A1-2-2_BM;chrX;96160175;96160175;C;T;Msn
A1-2-3;A1-2-3_tail;A1-2-3_BM;chr1;110925165;110925165;G;A;Cdh19
A1-2-3;A1-2-3_tail;A1-2-3_BM;chr1;63309706;63309706;G;A;Zdbf2
A1-2-3;A1-2-3_tail;A1-2-3_BM;chr2;93696152;93696152;G;A;Ext2
A1-2-3;A1-2-3_tail;A1-2-3_BM;chr2;155421512;155421512;G;A;Ncoa6
A1-2-3;A1-2-3_tail;A1-2-3_BM;chr2;124664020;124664020;G;A;Sema6d
A1-2-3;A1-2-3_tail;A1-2-3_BM;chr2;59838975;59838975;G;A;Tanc1
A1-2-3;A1-2-3_tail;A1-2-3_BM;chr3;106149750;106149750;T;C;Chi3l3
A1-2-3;A1-2-3_tail;A1-2-3_BM;chr4;63225586;63225586;T;G;Col27a1
A1-2-3;A1-2-3_tail;A1-2-3_BM;chr4;113177004;113177004;G;A;Skint6
A1-2-3;A1-2-3_tail;A1-2-3_BM;chr5;120609628;120609628;G;A;1110008J03Rik
A1-2-3;A1-2-3_tail;A1-2-3_BM;chr5;35043862;35043880;GTGGGCGACCACTGGGCCC;-;Hgfac
A1-2-3;A1-2-3_tail;A1-2-3_BM;chr5;14539711;14539711;C;T;Pclo
A1-2-3;A1-2-3_tail;A1-2-3_BM;chr6;38196439;38196439;G;A;D630045J12Rik
A1-2-3;A1-2-3_tail;A1-2-3_BM;chr6;85337030;85337030;G;A;Rab11fip5
A1-2-3;A1-2-3_tail;A1-2-3_BM;chr7;128133275;128133275;T;C;Itgax
A1-2-3;A1-2-3_tail;A1-2-3_BM;chr7;102752989;102752989;T;A;Olfr560
A1-2-3;A1-2-3_tail;A1-2-3_BM;chr7;25081644;25081644;C;T;Zfp574
A1-2-3;A1-2-3_tail;A1-2-3_BM;chr8;27154308;27154308;G;A;Rab11fip1
A1-2-3;A1-2-3_tail;A1-2-3_BM;chr9;14572677;14572677;C;T;Amotl1
A1-2-3;A1-2-3_tail;A1-2-3_BM;chr9;54335830;54335830;T;A;Gldn
A1-2-3;A1-2-3_tail;A1-2-3_BM;chr10;11295240;11295240;T;G;Fbxo30
A1-2-3;A1-2-3_tail;A1-2-3_BM;chr10;129912132;129912132;C;T;Olfr816
A1-2-3;A1-2-3_tail;A1-2-3_BM;chr10;94794675;94794675;C;A;Plxnc1
A1-2-3;A1-2-3_tail;A1-2-3_BM;chr10;51723856;51723856;C;T;Rfx6
A1-2-3;A1-2-3_tail;A1-2-3_BM;chr10;26245602;26245602;T;C;Samd3
A1-2-3;A1-2-3_tail;A1-2-3_BM;chr10;33200204;33200204;C;A;Trdn
A1-2-3;A1-2-3_tail;A1-2-3_BM;chr11;120273314;120273314;G;A;Bahcc1
A1-2-3;A1-2-3_tail;A1-2-3_BM;chr11;106813834;106813834;G;A;Cep95
A1-2-3;A1-2-3_tail;A1-2-3_BM;chr11;54916905;54916905;G;A;Tnip1
A1-2-3;A1-2-3_tail;A1-2-3_BM;chr13;73268858;73268858;G;A;Irx4
A1-2-3;A1-2-3_tail;A1-2-3_BM;chr14;37057443;37057443;A;T;Lrit1
A1-2-3;A1-2-3_tail;A1-2-3_BM;chr14;79770248;79770248;C;T;Pcdh8
A1-2-3;A1-2-3_tail;A1-2-3_BM;chr14;57643200;57643200;G;A;Xpo4
A1-2-3;A1-2-3_tail;A1-2-3_BM;chr15;76106727;76106727;C;T;Eppk1
A1-2-3;A1-2-3_tail;A1-2-3_BM;chr15;52335160;52335160;G;T;Slc30a8
A1-2-3;A1-2-3_tail;A1-2-3_BM;chr17;65256583;65256583;C;T;Tmem232
A1-2-3;A1-2-3_tail;A1-2-3_BM;chr18;34863349;34863349;G;T;Egr1
A1-2-3;A1-2-3_tail;A1-2-3_BM;chr19;29717713;29717713;G;A;9930021J03Rik
A1-2-3;A1-2-3_tail;A1-2-3_BM;chr19;54047310;54047310;G;A;Adra2a
A1-2-3;A1-2-3_tail;A1-2-3_BM;chrX;94538510;94538510;T;C;Maged1
A1-2-3;A1-2-3_tail;A1-2-3_BM;chrX;139824102;139824102;C;T;Morc4
A1-2-3;A1-2-3_tail;A1-2-3_BM;chrX;96160175;96160175;C;T;Msn
A1-3-1;A1-3-1_tail;A1-3-1_BM;chr1;154472253;154472253;G;A;Cacna1e
A1-3-1;A1-3-1_tail;A1-3-1_BM;chr1;110925165;110925165;G;A;Cdh19
A1-3-1;A1-3-1_tail;A1-3-1_BM;chr2;93696152;93696152;G;A;Ext2
A1-3-1;A1-3-1_tail;A1-3-1_BM;chr2;40596939;40596939;C;T;Lrp1b
A1-3-1;A1-3-1_tail;A1-3-1_BM;chr2;155421512;155421512;G;A;Ncoa6
A1-3-1;A1-3-1_tail;A1-3-1_BM;chr2;124664020;124664020;G;A;Sema6d
A1-3-1;A1-3-1_tail;A1-3-1_BM;chr2;59838975;59838975;G;A;Tanc1
A1-3-1;A1-3-1_tail;A1-3-1_BM;chr3;106149750;106149750;T;C;Chi3l3
A1-3-1;A1-3-1_tail;A1-3-1_BM;chr4;63225586;63225586;T;G;Col27a1
A1-3-1;A1-3-1_tail;A1-3-1_BM;chr5;120609628;120609628;G;A;1110008J03Rik
A1-3-1;A1-3-1_tail;A1-3-1_BM;chr6;38196439;38196439;G;A;D630045J12Rik
A1-3-1;A1-3-1_tail;A1-3-1_BM;chr6;85337030;85337030;G;A;Rab11fip5
A1-3-1;A1-3-1_tail;A1-3-1_BM;chr7;128133275;128133275;T;C;Itgax
A1-3-1;A1-3-1_tail;A1-3-1_BM;chr7;102752989;102752989;T;A;Olfr560
A1-3-1;A1-3-1_tail;A1-3-1_BM;chr7;25081644;25081644;C;T;Zfp574
A1-3-1;A1-3-1_tail;A1-3-1_BM;chr8;94941666;94941666;C;T;Gpr114
A1-3-1;A1-3-1_tail;A1-3-1_BM;chr8;27154308;27154308;G;A;Rab11fip1
A1-3-1;A1-3-1_tail;A1-3-1_BM;chr9;14572677;14572677;C;T;Amotl1
A1-3-1;A1-3-1_tail;A1-3-1_BM;chr9;62432454;62432454;G;A;Coro2b
A1-3-1;A1-3-1_tail;A1-3-1_BM;chr9;54335830;54335830;T;A;Gldn
A1-3-1;A1-3-1_tail;A1-3-1_BM;chr10;11295240;11295240;T;G;Fbxo30
A1-3-1;A1-3-1_tail;A1-3-1_BM;chr10;129912132;129912132;C;T;Olfr816
A1-3-1;A1-3-1_tail;A1-3-1_BM;chr10;94794675;94794675;C;A;Plxnc1
A1-3-1;A1-3-1_tail;A1-3-1_BM;chr10;51723856;51723856;C;T;Rfx6
A1-3-1;A1-3-1_tail;A1-3-1_BM;chr10;26245602;26245602;T;C;Samd3
A1-3-1;A1-3-1_tail;A1-3-1_BM;chr10;33200204;33200204;C;A;Trdn
A1-3-1;A1-3-1_tail;A1-3-1_BM;chr11;120273314;120273314;G;A;Bahcc1
A1-3-1;A1-3-1_tail;A1-3-1_BM;chr11;106813834;106813834;G;A;Cep95
A1-3-1;A1-3-1_tail;A1-3-1_BM;chr11;73847215;73847216;TC;AT;Olfr393
A1-3-1;A1-3-1_tail;A1-3-1_BM;chr11;54916905;54916905;G;A;Tnip1
A1-3-1;A1-3-1_tail;A1-3-1_BM;chr13;73268858;73268858;G;A;Irx4
A1-3-1;A1-3-1_tail;A1-3-1_BM;chr14;49774037;49774037;G;C;3632451O06Rik
A1-3-1;A1-3-1_tail;A1-3-1_BM;chr14;37057443;37057443;A;T;Lrit1
A1-3-1;A1-3-1_tail;A1-3-1_BM;chr14;79770248;79770248;C;T;Pcdh8
A1-3-1;A1-3-1_tail;A1-3-1_BM;chr14;70440016;70440016;G;A;Polr3d
A1-3-1;A1-3-1_tail;A1-3-1_BM;chr14;57643200;57643200;G;A;Xpo4
A1-3-1;A1-3-1_tail;A1-3-1_BM;chr14;55063007;55063007;C;T;Zfhx2
A1-3-1;A1-3-1_tail;A1-3-1_BM;chr15;76106727;76106727;C;T;Eppk1
A1-3-1;A1-3-1_tail;A1-3-1_BM;chr15;52335160;52335160;G;T;Slc30a8
A1-3-1;A1-3-1_tail;A1-3-1_BM;chr17;65256583;65256583;C;T;Tmem232
A1-3-1;A1-3-1_tail;A1-3-1_BM;chr18;34863349;34863349;G;T;Egr1
A1-3-1;A1-3-1_tail;A1-3-1_BM;chr19;29717713;29717713;G;A;9930021J03Rik
A1-3-1;A1-3-1_tail;A1-3-1_BM;chr19;54047310;54047310;G;A;Adra2a
A1-3-1;A1-3-1_tail;A1-3-1_BM;chrX;94538510;94538510;T;C;Maged1
A1-3-1;A1-3-1_tail;A1-3-1_BM;chrX;139824102;139824102;C;T;Morc4
A1-3-1;A1-3-1_tail;A1-3-1_BM;chrX;96160175;96160175;C;T;Msn
A1-3-2;A1-3-2_tail;A1-3-2_BM;chr1;154472253;154472253;G;A;Cacna1e
A1-3-2;A1-3-2_tail;A1-3-2_BM;chr1;110925165;110925165;G;A;Cdh19
A1-3-2;A1-3-2_tail;A1-3-2_BM;chr1;88215102;88215102;G;A;Ugt1a1
A1-3-2;A1-3-2_tail;A1-3-2_BM;chr2;93696152;93696152;G;A;Ext2
A1-3-2;A1-3-2_tail;A1-3-2_BM;chr2;151970755;151970755;G;A;Fam110a
A1-3-2;A1-3-2_tail;A1-3-2_BM;chr2;40596939;40596939;C;T;Lrp1b
A1-3-2;A1-3-2_tail;A1-3-2_BM;chr2;155421512;155421512;G;A;Ncoa6
A1-3-2;A1-3-2_tail;A1-3-2_BM;chr2;124664020;124664020;G;A;Sema6d
A1-3-2;A1-3-2_tail;A1-3-2_BM;chr2;59838975;59838975;G;A;Tanc1
A1-3-2;A1-3-2_tail;A1-3-2_BM;chr3;106149750;106149750;T;C;Chi3l3
A1-3-2;A1-3-2_tail;A1-3-2_BM;chr4;63225586;63225586;T;G;Col27a1
A1-3-2;A1-3-2_tail;A1-3-2_BM;chr4;56790899;56790899;C;A;Ikbkap
A1-3-2;A1-3-2_tail;A1-3-2_BM;chr5;120609628;120609628;G;A;1110008J03Rik
A1-3-2;A1-3-2_tail;A1-3-2_BM;chr6;38196439;38196439;G;A;D630045J12Rik
A1-3-2;A1-3-2_tail;A1-3-2_BM;chr6;85337030;85337030;G;A;Rab11fip5
A1-3-2;A1-3-2_tail;A1-3-2_BM;chr6;83151912;83151912;G;A;Rtkn
A1-3-2;A1-3-2_tail;A1-3-2_BM;chr7;128133275;128133275;T;C;Itgax
A1-3-2;A1-3-2_tail;A1-3-2_BM;chr7;102752989;102752989;T;A;Olfr560
A1-3-2;A1-3-2_tail;A1-3-2_BM;chr7;25081644;25081644;C;T;Zfp574
A1-3-2;A1-3-2_tail;A1-3-2_BM;chr8;94941666;94941666;C;T;Gpr114
A1-3-2;A1-3-2_tail;A1-3-2_BM;chr8;27154308;27154308;G;A;Rab11fip1
A1-3-2;A1-3-2_tail;A1-3-2_BM;chr9;14572677;14572677;C;T;Amotl1
A1-3-2;A1-3-2_tail;A1-3-2_BM;chr9;54335830;54335830;T;A;Gldn
A1-3-2;A1-3-2_tail;A1-3-2_BM;chr9;44388846;44388846;C;T;Hyou1
A1-3-2;A1-3-2_tail;A1-3-2_BM;chr10;11295240;11295240;T;G;Fbxo30
A1-3-2;A1-3-2_tail;A1-3-2_BM;chr10;129912132;129912132;C;T;Olfr816
A1-3-2;A1-3-2_tail;A1-3-2_BM;chr10;94794675;94794675;C;A;Plxnc1
A1-3-2;A1-3-2_tail;A1-3-2_BM;chr10;51723856;51723856;C;T;Rfx6
A1-3-2;A1-3-2_tail;A1-3-2_BM;chr10;26245602;26245602;T;C;Samd3
A1-3-2;A1-3-2_tail;A1-3-2_BM;chr10;33200204;33200204;C;A;Trdn
A1-3-2;A1-3-2_tail;A1-3-2_BM;chr11;120273314;120273314;G;A;Bahcc1
A1-3-2;A1-3-2_tail;A1-3-2_BM;chr11;106813834;106813834;G;A;Cep95
A1-3-2;A1-3-2_tail;A1-3-2_BM;chr11;54916905;54916905;G;A;Tnip1
A1-3-2;A1-3-2_tail;A1-3-2_BM;chr13;73268858;73268858;G;A;Irx4
A1-3-2;A1-3-2_tail;A1-3-2_BM;chr14;49774037;49774037;G;C;3632451O06Rik
A1-3-2;A1-3-2_tail;A1-3-2_BM;chr14;37057443;37057443;A;T;Lrit1
A1-3-2;A1-3-2_tail;A1-3-2_BM;chr14;79770248;79770248;C;T;Pcdh8
A1-3-2;A1-3-2_tail;A1-3-2_BM;chr14;70440016;70440016;G;A;Polr3d
A1-3-2;A1-3-2_tail;A1-3-2_BM;chr14;57643200;57643200;G;A;Xpo4
A1-3-2;A1-3-2_tail;A1-3-2_BM;chr14;55063007;55063007;C;T;Zfhx2
A1-3-2;A1-3-2_tail;A1-3-2_BM;chr15;76106727;76106727;C;T;Eppk1
A1-3-2;A1-3-2_tail;A1-3-2_BM;chr15;52335160;52335160;G;T;Slc30a8
A1-3-2;A1-3-2_tail;A1-3-2_BM;chr16;16673840;16673840;A;C;Olfr19
A1-3-2;A1-3-2_tail;A1-3-2_BM;chr17;65256583;65256583;C;T;Tmem232
A1-3-2;A1-3-2_tail;A1-3-2_BM;chr18;61849326;61849326;C;T;Ablim3
A1-3-2;A1-3-2_tail;A1-3-2_BM;chr18;34863349;34863349;G;T;Egr1
A1-3-2;A1-3-2_tail;A1-3-2_BM;chr19;29717713;29717713;G;A;9930021J03Rik
A1-3-2;A1-3-2_tail;A1-3-2_BM;chr19;54047310;54047310;G;A;Adra2a
A1-3-2;A1-3-2_tail;A1-3-2_BM;chrX;94538510;94538510;T;C;Maged1
A1-3-2;A1-3-2_tail;A1-3-2_BM;chrX;139824102;139824102;C;T;Morc4
A1-3-5;A1-3-5_tail;A1-3-5_BM;chr1;110925165;110925165;G;A;Cdh19
A1-3-5;A1-3-5_tail;A1-3-5_BM;chr2;93696152;93696152;G;A;Ext2
A1-3-5;A1-3-5_tail;A1-3-5_BM;chr2;155421512;155421512;G;A;Ncoa6
A1-3-5;A1-3-5_tail;A1-3-5_BM;chr2;124664020;124664020;G;A;Sema6d
A1-3-5;A1-3-5_tail;A1-3-5_BM;chr2;59838975;59838975;G;A;Tanc1
A1-3-5;A1-3-5_tail;A1-3-5_BM;chr3;106149750;106149750;T;C;Chi3l3
A1-3-5;A1-3-5_tail;A1-3-5_BM;chr4;63225586;63225586;T;G;Col27a1
A1-3-5;A1-3-5_tail;A1-3-5_BM;chr5;120609628;120609628;G;A;1110008J03Rik
A1-3-5;A1-3-5_tail;A1-3-5_BM;chr5;35043862;35043880;GTGGGCGACCACTGGGCCC;-;Hgfac
A1-3-5;A1-3-5_tail;A1-3-5_BM;chr6;38196439;38196439;G;A;D630045J12Rik
A1-3-5;A1-3-5_tail;A1-3-5_BM;chr6;60988306;60988306;A;C;Mmrn1
A1-3-5;A1-3-5_tail;A1-3-5_BM;chr6;85337030;85337030;G;A;Rab11fip5
A1-3-5;A1-3-5_tail;A1-3-5_BM;chr7;128133275;128133275;T;C;Itgax
A1-3-5;A1-3-5_tail;A1-3-5_BM;chr7;102752989;102752989;T;A;Olfr560
A1-3-5;A1-3-5_tail;A1-3-5_BM;chr7;25081644;25081644;C;T;Zfp574
A1-3-5;A1-3-5_tail;A1-3-5_BM;chr8;27154308;27154308;G;A;Rab11fip1
A1-3-5;A1-3-5_tail;A1-3-5_BM;chr9;14572677;14572677;C;T;Amotl1
A1-3-5;A1-3-5_tail;A1-3-5_BM;chr9;54335830;54335830;T;A;Gldn
A1-3-5;A1-3-5_tail;A1-3-5_BM;chr10;11295240;11295240;T;G;Fbxo30
A1-3-5;A1-3-5_tail;A1-3-5_BM;chr10;129912132;129912132;C;T;Olfr816
A1-3-5;A1-3-5_tail;A1-3-5_BM;chr10;94794675;94794675;C;A;Plxnc1
A1-3-5;A1-3-5_tail;A1-3-5_BM;chr10;51723856;51723856;C;T;Rfx6
A1-3-5;A1-3-5_tail;A1-3-5_BM;chr10;26245602;26245602;T;C;Samd3
A1-3-5;A1-3-5_tail;A1-3-5_BM;chr10;33200204;33200204;C;A;Trdn
A1-3-5;A1-3-5_tail;A1-3-5_BM;chr11;120273314;120273314;G;A;Bahcc1
A1-3-5;A1-3-5_tail;A1-3-5_BM;chr11;106813834;106813834;G;A;Cep95
A1-3-5;A1-3-5_tail;A1-3-5_BM;chr11;54916905;54916905;G;A;Tnip1
A1-3-5;A1-3-5_tail;A1-3-5_BM;chr13;58382465;58382465;G;A;2210016F16Rik
A1-3-5;A1-3-5_tail;A1-3-5_BM;chr13;73268858;73268858;G;A;Irx4
A1-3-5;A1-3-5_tail;A1-3-5_BM;chr14;123980462;123980462;A;G;Fgf14
A1-3-5;A1-3-5_tail;A1-3-5_BM;chr14;37057443;37057443;A;T;Lrit1
A1-3-5;A1-3-5_tail;A1-3-5_BM;chr14;79770248;79770248;C;T;Pcdh8
A1-3-5;A1-3-5_tail;A1-3-5_BM;chr14;57643200;57643200;G;A;Xpo4
A1-3-5;A1-3-5_tail;A1-3-5_BM;chr15;76106727;76106727;C;T;Eppk1
A1-3-5;A1-3-5_tail;A1-3-5_BM;chr15;83119999;83119999;G;A;Rrp7a
A1-3-5;A1-3-5_tail;A1-3-5_BM;chr15;101039945;101039945;G;A;Scn8a
A1-3-5;A1-3-5_tail;A1-3-5_BM;chr15;52335160;52335160;G;T;Slc30a8
A1-3-5;A1-3-5_tail;A1-3-5_BM;chr17;65256583;65256583;C;T;Tmem232
A1-3-5;A1-3-5_tail;A1-3-5_BM;chr18;34863349;34863349;G;T;Egr1
A1-3-5;A1-3-5_tail;A1-3-5_BM;chr19;29717713;29717713;G;A;9930021J03Rik
A1-3-5;A1-3-5_tail;A1-3-5_BM;chr19;54047310;54047310;G;A;Adra2a
A1-3-5;A1-3-5_tail;A1-3-5_BM;chrX;94538510;94538510;T;C;Maged1
A1-3-5;A1-3-5_tail;A1-3-5_BM;chrX;139824102;139824102;C;T;Morc4
A1-3-5;A1-3-5_tail;A1-3-5_BM;chrX;96160175;96160175;C;T;Msn
A1-3-5;A1-3-5_tail;A1-3-5_BM;chrX;37217843;37217843;C;T;Rhox1
A1-3-6;A1-3-6_tail;A1-3-6_BM;chr1;110925165;110925165;G;A;Cdh19
A1-3-6;A1-3-6_tail;A1-3-6_BM;chr2;93696152;93696152;G;A;Ext2
A1-3-6;A1-3-6_tail;A1-3-6_BM;chr2;155421512;155421512;G;A;Ncoa6
A1-3-6;A1-3-6_tail;A1-3-6_BM;chr2;124664020;124664020;G;A;Sema6d
A1-3-6;A1-3-6_tail;A1-3-6_BM;chr2;59838975;59838975;G;A;Tanc1
A1-3-6;A1-3-6_tail;A1-3-6_BM;chr3;106149750;106149750;T;C;Chi3l3
A1-3-6;A1-3-6_tail;A1-3-6_BM;chr3;5401735;5401735;A;G;Zfhx4
A1-3-6;A1-3-6_tail;A1-3-6_BM;chr4;63225586;63225586;T;G;Col27a1
A1-3-6;A1-3-6_tail;A1-3-6_BM;chr5;120609628;120609628;G;A;1110008J03Rik
A1-3-6;A1-3-6_tail;A1-3-6_BM;chr5;35043862;35043880;GTGGGCGACCACTGGGCCC;-;Hgfac
A1-3-6;A1-3-6_tail;A1-3-6_BM;chr5;14539711;14539711;C;T;Pclo
A1-3-6;A1-3-6_tail;A1-3-6_BM;chr5;121168003;121168003;C;T;Ptpn11
A1-3-6;A1-3-6_tail;A1-3-6_BM;chr6;38196439;38196439;G;A;D630045J12Rik
A1-3-6;A1-3-6_tail;A1-3-6_BM;chr6;85337030;85337030;G;A;Rab11fip5
A1-3-6;A1-3-6_tail;A1-3-6_BM;chr7;128133275;128133275;T;C;Itgax
A1-3-6;A1-3-6_tail;A1-3-6_BM;chr7;102752989;102752989;T;A;Olfr560
A1-3-6;A1-3-6_tail;A1-3-6_BM;chr7;25081644;25081644;C;T;Zfp574
A1-3-6;A1-3-6_tail;A1-3-6_BM;chr8;27154308;27154308;G;A;Rab11fip1
A1-3-6;A1-3-6_tail;A1-3-6_BM;chr9;14572677;14572677;C;T;Amotl1
A1-3-6;A1-3-6_tail;A1-3-6_BM;chr9;15959858;15959858;G;T;Fat3
A1-3-6;A1-3-6_tail;A1-3-6_BM;chr9;54335830;54335830;T;A;Gldn
A1-3-6;A1-3-6_tail;A1-3-6_BM;chr10;11295240;11295240;T;G;Fbxo30
A1-3-6;A1-3-6_tail;A1-3-6_BM;chr10;129912132;129912132;C;T;Olfr816
A1-3-6;A1-3-6_tail;A1-3-6_BM;chr10;94794675;94794675;C;A;Plxnc1
A1-3-6;A1-3-6_tail;A1-3-6_BM;chr10;51723856;51723856;C;T;Rfx6
A1-3-6;A1-3-6_tail;A1-3-6_BM;chr10;26245602;26245602;T;C;Samd3
A1-3-6;A1-3-6_tail;A1-3-6_BM;chr10;33200204;33200204;C;A;Trdn
A1-3-6;A1-3-6_tail;A1-3-6_BM;chr11;120273314;120273314;G;A;Bahcc1
A1-3-6;A1-3-6_tail;A1-3-6_BM;chr11;106813834;106813834;G;A;Cep95
A1-3-6;A1-3-6_tail;A1-3-6_BM;chr11;54916905;54916905;G;A;Tnip1
A1-3-6;A1-3-6_tail;A1-3-6_BM;chr13;73268858;73268858;G;A;Irx4
A1-3-6;A1-3-6_tail;A1-3-6_BM;chr14;37057443;37057443;A;T;Lrit1
A1-3-6;A1-3-6_tail;A1-3-6_BM;chr14;79770248;79770248;C;T;Pcdh8
A1-3-6;A1-3-6_tail;A1-3-6_BM;chr14;57643200;57643200;G;A;Xpo4
A1-3-6;A1-3-6_tail;A1-3-6_BM;chr15;76106727;76106727;C;T;Eppk1
A1-3-6;A1-3-6_tail;A1-3-6_BM;chr15;52335160;52335160;G;T;Slc30a8
A1-3-6;A1-3-6_tail;A1-3-6_BM;chr17;65256583;65256583;C;T;Tmem232
A1-3-6;A1-3-6_tail;A1-3-6_BM;chr18;34863349;34863349;G;T;Egr1
A1-3-6;A1-3-6_tail;A1-3-6_BM;chr19;29717713;29717713;G;A;9930021J03Rik
A1-3-6;A1-3-6_tail;A1-3-6_BM;chr19;54047310;54047310;G;A;Adra2a
A1-3-6;A1-3-6_tail;A1-3-6_BM;chrX;94538510;94538510;T;C;Maged1
A1-3-6;A1-3-6_tail;A1-3-6_BM;chrX;139824102;139824102;C;T;Morc4
A1-3-6;A1-3-6_tail;A1-3-6_BM;chrX;96160175;96160175;C;T;Msn
A1-4-1;A1-4-1_tail;A1-4-1_BM;chr1;154472253;154472253;G;A;Cacna1e
A1-4-1;A1-4-1_tail;A1-4-1_BM;chr1;110925165;110925165;G;A;Cdh19
A1-4-1;A1-4-1_tail;A1-4-1_BM;chr1;88215102;88215102;G;A;Ugt1a1
A1-4-1;A1-4-1_tail;A1-4-1_BM;chr2;93696152;93696152;G;A;Ext2
A1-4-1;A1-4-1_tail;A1-4-1_BM;chr2;151970755;151970755;G;A;Fam110a
A1-4-1;A1-4-1_tail;A1-4-1_BM;chr2;121573617;121573617;T;C;Frmd5
A1-4-1;A1-4-1_tail;A1-4-1_BM;chr2;74692005;74692005;C;T;Hoxd10
A1-4-1;A1-4-1_tail;A1-4-1_BM;chr2;40596939;40596939;C;T;Lrp1b
A1-4-1;A1-4-1_tail;A1-4-1_BM;chr2;155421512;155421512;G;A;Ncoa6
A1-4-1;A1-4-1_tail;A1-4-1_BM;chr2;124664020;124664020;G;A;Sema6d
A1-4-1;A1-4-1_tail;A1-4-1_BM;chr2;59838975;59838975;G;A;Tanc1
A1-4-1;A1-4-1_tail;A1-4-1_BM;chr3;106149750;106149750;T;C;Chi3l3
A1-4-1;A1-4-1_tail;A1-4-1_BM;chr4;63225586;63225586;T;G;Col27a1
A1-4-1;A1-4-1_tail;A1-4-1_BM;chr5;120609628;120609628;G;A;1110008J03Rik
A1-4-1;A1-4-1_tail;A1-4-1_BM;chr6;38196439;38196439;G;A;D630045J12Rik
A1-4-1;A1-4-1_tail;A1-4-1_BM;chr6;85337030;85337030;G;A;Rab11fip5
A1-4-1;A1-4-1_tail;A1-4-1_BM;chr7;128133275;128133275;T;C;Itgax
A1-4-1;A1-4-1_tail;A1-4-1_BM;chr7;102752989;102752989;T;A;Olfr560
A1-4-1;A1-4-1_tail;A1-4-1_BM;chr7;64240615;64240615;G;A;Trpm1
A1-4-1;A1-4-1_tail;A1-4-1_BM;chr7;25081644;25081644;C;T;Zfp574
A1-4-1;A1-4-1_tail;A1-4-1_BM;chr8;94941666;94941666;C;T;Gpr114
A1-4-1;A1-4-1_tail;A1-4-1_BM;chr8;27154308;27154308;G;A;Rab11fip1
A1-4-1;A1-4-1_tail;A1-4-1_BM;chr9;14572677;14572677;C;T;Amotl1
A1-4-1;A1-4-1_tail;A1-4-1_BM;chr9;62432454;62432454;G;A;Coro2b
A1-4-1;A1-4-1_tail;A1-4-1_BM;chr9;54335830;54335830;T;A;Gldn
A1-4-1;A1-4-1_tail;A1-4-1_BM;chr10;11295240;11295240;T;G;Fbxo30
A1-4-1;A1-4-1_tail;A1-4-1_BM;chr10;129912132;129912132;C;T;Olfr816
A1-4-1;A1-4-1_tail;A1-4-1_BM;chr10;94794675;94794675;C;A;Plxnc1
A1-4-1;A1-4-1_tail;A1-4-1_BM;chr10;51723856;51723856;C;T;Rfx6
A1-4-1;A1-4-1_tail;A1-4-1_BM;chr10;26245602;26245602;T;C;Samd3
A1-4-1;A1-4-1_tail;A1-4-1_BM;chr10;33200204;33200204;C;A;Trdn
A1-4-1;A1-4-1_tail;A1-4-1_BM;chr11;120273314;120273314;G;A;Bahcc1
A1-4-1;A1-4-1_tail;A1-4-1_BM;chr11;106813834;106813834;G;A;Cep95
A1-4-1;A1-4-1_tail;A1-4-1_BM;chr11;73847215;73847216;TC;AT;Olfr393
A1-4-1;A1-4-1_tail;A1-4-1_BM;chr11;54916905;54916905;G;A;Tnip1
A1-4-1;A1-4-1_tail;A1-4-1_BM;chr13;73268858;73268858;G;A;Irx4
A1-4-1;A1-4-1_tail;A1-4-1_BM;chr14;37057443;37057443;A;T;Lrit1
A1-4-1;A1-4-1_tail;A1-4-1_BM;chr14;79770248;79770248;C;T;Pcdh8
A1-4-1;A1-4-1_tail;A1-4-1_BM;chr14;70440016;70440016;G;A;Polr3d
A1-4-1;A1-4-1_tail;A1-4-1_BM;chr14;57643200;57643200;G;A;Xpo4
A1-4-1;A1-4-1_tail;A1-4-1_BM;chr14;55063007;55063007;C;T;Zfhx2
A1-4-1;A1-4-1_tail;A1-4-1_BM;chr15;76106727;76106727;C;T;Eppk1
A1-4-1;A1-4-1_tail;A1-4-1_BM;chr15;52335160;52335160;G;T;Slc30a8
A1-4-1;A1-4-1_tail;A1-4-1_BM;chr17;65256583;65256583;C;T;Tmem232
A1-4-1;A1-4-1_tail;A1-4-1_BM;chr18;61849326;61849326;C;T;Ablim3
A1-4-1;A1-4-1_tail;A1-4-1_BM;chr18;34863349;34863349;G;T;Egr1
A1-4-1;A1-4-1_tail;A1-4-1_BM;chr19;29717713;29717713;G;A;9930021J03Rik
A1-4-1;A1-4-1_tail;A1-4-1_BM;chr19;54047310;54047310;G;A;Adra2a
A1-4-1;A1-4-1_tail;A1-4-1_BM;chrX;94538510;94538510;T;C;Maged1
A1-4-1;A1-4-1_tail;A1-4-1_BM;chrX;139824102;139824102;C;T;Morc4
A1-4-3;A1-4-3_tail;A1-4-3_BM;chr1;154472253;154472253;G;A;Cacna1e
A1-4-3;A1-4-3_tail;A1-4-3_BM;chr1;110925165;110925165;G;A;Cdh19
A1-4-3;A1-4-3_tail;A1-4-3_BM;chr1;88215102;88215102;G;A;Ugt1a1
A1-4-3;A1-4-3_tail;A1-4-3_BM;chr2;93696152;93696152;G;A;Ext2
A1-4-3;A1-4-3_tail;A1-4-3_BM;chr2;151970755;151970755;G;A;Fam110a
A1-4-3;A1-4-3_tail;A1-4-3_BM;chr2;40596939;40596939;C;T;Lrp1b
A1-4-3;A1-4-3_tail;A1-4-3_BM;chr2;155421512;155421512;G;A;Ncoa6
A1-4-3;A1-4-3_tail;A1-4-3_BM;chr2;38740483;38740483;G;A;Nr6a1
A1-4-3;A1-4-3_tail;A1-4-3_BM;chr2;59838975;59838975;G;A;Tanc1
A1-4-3;A1-4-3_tail;A1-4-3_BM;chr3;106149750;106149750;T;C;Chi3l3
A1-4-3;A1-4-3_tail;A1-4-3_BM;chr4;63225586;63225586;T;G;Col27a1
A1-4-3;A1-4-3_tail;A1-4-3_BM;chr4;56790899;56790899;C;A;Ikbkap
A1-4-3;A1-4-3_tail;A1-4-3_BM;chr5;120609628;120609628;G;A;1110008J03Rik
A1-4-3;A1-4-3_tail;A1-4-3_BM;chr6;38196439;38196439;G;A;D630045J12Rik
A1-4-3;A1-4-3_tail;A1-4-3_BM;chr6;85337030;85337030;G;A;Rab11fip5
A1-4-3;A1-4-3_tail;A1-4-3_BM;chr6;83151912;83151912;G;A;Rtkn
A1-4-3;A1-4-3_tail;A1-4-3_BM;chr7;128133275;128133275;T;C;Itgax
A1-4-3;A1-4-3_tail;A1-4-3_BM;chr7;102752989;102752989;T;A;Olfr560
A1-4-3;A1-4-3_tail;A1-4-3_BM;chr7;25081644;25081644;C;T;Zfp574
A1-4-3;A1-4-3_tail;A1-4-3_BM;chr8;94941666;94941666;C;T;Gpr114
A1-4-3;A1-4-3_tail;A1-4-3_BM;chr8;27154308;27154308;G;A;Rab11fip1
A1-4-3;A1-4-3_tail;A1-4-3_BM;chr9;14572677;14572677;C;T;Amotl1
A1-4-3;A1-4-3_tail;A1-4-3_BM;chr9;54335830;54335830;T;A;Gldn
A1-4-3;A1-4-3_tail;A1-4-3_BM;chr9;44388846;44388846;C;T;Hyou1
A1-4-3;A1-4-3_tail;A1-4-3_BM;chr10;11295240;11295240;T;G;Fbxo30
A1-4-3;A1-4-3_tail;A1-4-3_BM;chr10;79755182;79755182;G;A;Fgf22
A1-4-3;A1-4-3_tail;A1-4-3_BM;chr10;129912132;129912132;C;T;Olfr816
A1-4-3;A1-4-3_tail;A1-4-3_BM;chr10;94794675;94794675;C;A;Plxnc1
A1-4-3;A1-4-3_tail;A1-4-3_BM;chr10;51723856;51723856;C;T;Rfx6
A1-4-3;A1-4-3_tail;A1-4-3_BM;chr10;26245602;26245602;T;C;Samd3
A1-4-3;A1-4-3_tail;A1-4-3_BM;chr10;33200204;33200204;C;A;Trdn
A1-4-3;A1-4-3_tail;A1-4-3_BM;chr11;120273314;120273314;G;A;Bahcc1
A1-4-3;A1-4-3_tail;A1-4-3_BM;chr11;106813834;106813834;G;A;Cep95
A1-4-3;A1-4-3_tail;A1-4-3_BM;chr11;54916905;54916905;G;A;Tnip1
A1-4-3;A1-4-3_tail;A1-4-3_BM;chr12;104864940;104864940;C;G;Clmn
A1-4-3;A1-4-3_tail;A1-4-3_BM;chr13;73268858;73268858;G;A;Irx4
A1-4-3;A1-4-3_tail;A1-4-3_BM;chr14;37057443;37057443;A;T;Lrit1
A1-4-3;A1-4-3_tail;A1-4-3_BM;chr14;79770248;79770248;C;T;Pcdh8
A1-4-3;A1-4-3_tail;A1-4-3_BM;chr14;57643200;57643200;G;A;Xpo4
A1-4-3;A1-4-3_tail;A1-4-3_BM;chr14;55063007;55063007;C;T;Zfhx2
A1-4-3;A1-4-3_tail;A1-4-3_BM;chr15;76106727;76106727;C;T;Eppk1
A1-4-3;A1-4-3_tail;A1-4-3_BM;chr15;52335160;52335160;G;T;Slc30a8
A1-4-3;A1-4-3_tail;A1-4-3_BM;chr17;65256583;65256583;C;T;Tmem232
A1-4-3;A1-4-3_tail;A1-4-3_BM;chr18;61849326;61849326;C;T;Ablim3
A1-4-3;A1-4-3_tail;A1-4-3_BM;chr18;34863349;34863349;G;T;Egr1
A1-4-3;A1-4-3_tail;A1-4-3_BM;chr19;29717713;29717713;G;A;9930021J03Rik
A1-4-3;A1-4-3_tail;A1-4-3_BM;chr19;54047310;54047310;G;A;Adra2a
A1-4-3;A1-4-3_tail;A1-4-3_BM;chrX;94538510;94538510;T;C;Maged1
A1-4-3;A1-4-3_tail;A1-4-3_BM;chrX;139824102;139824102;C;T;Morc4
A1-4-5;A1-4-5_tail;A1-4-5_BM;chr1;110925165;110925165;G;A;Cdh19
A1-4-5;A1-4-5_tail;A1-4-5_BM;chr2;154202621;154202621;G;A;Bpifb1
A1-4-5;A1-4-5_tail;A1-4-5_BM;chr2;93696152;93696152;G;A;Ext2
A1-4-5;A1-4-5_tail;A1-4-5_BM;chr2;155421512;155421512;G;A;Ncoa6
A1-4-5;A1-4-5_tail;A1-4-5_BM;chr2;87418099;87418099;C;T;Olfr1123
A1-4-5;A1-4-5_tail;A1-4-5_BM;chr2;124664020;124664020;G;A;Sema6d
A1-4-5;A1-4-5_tail;A1-4-5_BM;chr2;59838975;59838975;G;A;Tanc1
A1-4-5;A1-4-5_tail;A1-4-5_BM;chr3;106149750;106149750;T;C;Chi3l3
A1-4-5;A1-4-5_tail;A1-4-5_BM;chr4;63225586;63225586;T;G;Col27a1
A1-4-5;A1-4-5_tail;A1-4-5_BM;chr5;120609628;120609628;G;A;1110008J03Rik
A1-4-5;A1-4-5_tail;A1-4-5_BM;chr5;114064898;114064898;C;T;Svop
A1-4-5;A1-4-5_tail;A1-4-5_BM;chr5;137403232;137403232;G;C;Zan
A1-4-5;A1-4-5_tail;A1-4-5_BM;chr6;38196439;38196439;G;A;D630045J12Rik
A1-4-5;A1-4-5_tail;A1-4-5_BM;chr6;85337030;85337030;G;A;Rab11fip5
A1-4-5;A1-4-5_tail;A1-4-5_BM;chr7;119575707;119575707;G;A;Acsm2
A1-4-5;A1-4-5_tail;A1-4-5_BM;chr7;128133275;128133275;T;C;Itgax
A1-4-5;A1-4-5_tail;A1-4-5_BM;chr7;102752989;102752989;T;A;Olfr560
A1-4-5;A1-4-5_tail;A1-4-5_BM;chr7;25081644;25081644;C;T;Zfp574
A1-4-5;A1-4-5_tail;A1-4-5_BM;chr8;27154308;27154308;G;A;Rab11fip1
A1-4-5;A1-4-5_tail;A1-4-5_BM;chr9;14572677;14572677;C;T;Amotl1
A1-4-5;A1-4-5_tail;A1-4-5_BM;chr9;54335830;54335830;T;A;Gldn
A1-4-5;A1-4-5_tail;A1-4-5_BM;chr10;11295240;11295240;T;G;Fbxo30
A1-4-5;A1-4-5_tail;A1-4-5_BM;chr10;129912132;129912132;C;T;Olfr816
A1-4-5;A1-4-5_tail;A1-4-5_BM;chr10;94794675;94794675;C;A;Plxnc1
A1-4-5;A1-4-5_tail;A1-4-5_BM;chr10;51723856;51723856;C;T;Rfx6
A1-4-5;A1-4-5_tail;A1-4-5_BM;chr10;26245602;26245602;T;C;Samd3
A1-4-5;A1-4-5_tail;A1-4-5_BM;chr10;33200204;33200204;C;A;Trdn
A1-4-5;A1-4-5_tail;A1-4-5_BM;chr10;79148865;79148865;T;C;Vmn2r80
A1-4-5;A1-4-5_tail;A1-4-5_BM;chr11;120273314;120273314;G;A;Bahcc1
A1-4-5;A1-4-5_tail;A1-4-5_BM;chr11;106813834;106813834;G;A;Cep95
A1-4-5;A1-4-5_tail;A1-4-5_BM;chr11;50853217;50853217;G;A;Grm6
A1-4-5;A1-4-5_tail;A1-4-5_BM;chr11;54916905;54916905;G;A;Tnip1
A1-4-5;A1-4-5_tail;A1-4-5_BM;chr13;58382465;58382465;G;A;2210016F16Rik
A1-4-5;A1-4-5_tail;A1-4-5_BM;chr13;73268858;73268858;G;A;Irx4
A1-4-5;A1-4-5_tail;A1-4-5_BM;chr14;123980462;123980462;A;G;Fgf14
A1-4-5;A1-4-5_tail;A1-4-5_BM;chr14;37057443;37057443;A;T;Lrit1
A1-4-5;A1-4-5_tail;A1-4-5_BM;chr14;79770248;79770248;C;T;Pcdh8
A1-4-5;A1-4-5_tail;A1-4-5_BM;chr14;57643200;57643200;G;A;Xpo4
A1-4-5;A1-4-5_tail;A1-4-5_BM;chr15;76106727;76106727;C;T;Eppk1
A1-4-5;A1-4-5_tail;A1-4-5_BM;chr15;83119999;83119999;G;A;Rrp7a
A1-4-5;A1-4-5_tail;A1-4-5_BM;chr15;101039945;101039945;G;A;Scn8a
A1-4-5;A1-4-5_tail;A1-4-5_BM;chr15;52335160;52335160;G;T;Slc30a8
A1-4-5;A1-4-5_tail;A1-4-5_BM;chr16;88506266;88506266;C;T;Cldn17
A1-4-5;A1-4-5_tail;A1-4-5_BM;chr17;40880058;40880058;A;T;9130008F23Rik
A1-4-5;A1-4-5_tail;A1-4-5_BM;chr17;65256583;65256583;C;T;Tmem232
A1-4-5;A1-4-5_tail;A1-4-5_BM;chr18;34863349;34863349;G;T;Egr1
A1-4-5;A1-4-5_tail;A1-4-5_BM;chr19;29717713;29717713;G;A;9930021J03Rik
A1-4-5;A1-4-5_tail;A1-4-5_BM;chr19;54047310;54047310;G;A;Adra2a
A1-4-5;A1-4-5_tail;A1-4-5_BM;chrX;94538510;94538510;T;C;Maged1
A1-4-5;A1-4-5_tail;A1-4-5_BM;chrX;139824102;139824102;C;T;Morc4
A1-4-5;A1-4-5_tail;A1-4-5_BM;chrX;96160175;96160175;C;T;Msn
A1-4-5;A1-4-5_tail;A1-4-5_BM;chrX;37217843;37217843;C;T;Rhox1
A1-4-5;A1-4-5_tail;A1-4-5_BM;chrX;42211151;42211151;G;T;Stag2
A1-4-7;A1-4-7_tail;A1-4-7_BM;chr1;110925165;110925165;G;A;Cdh19
A1-4-7;A1-4-7_tail;A1-4-7_BM;chr2;93696152;93696152;G;A;Ext2
A1-4-7;A1-4-7_tail;A1-4-7_BM;chr2;155421512;155421512;G;A;Ncoa6
A1-4-7;A1-4-7_tail;A1-4-7_BM;chr2;101641954;101641954;C;T;Rag1
A1-4-7;A1-4-7_tail;A1-4-7_BM;chr2;124664020;124664020;G;A;Sema6d
A1-4-7;A1-4-7_tail;A1-4-7_BM;chr2;59838975;59838975;G;A;Tanc1
A1-4-7;A1-4-7_tail;A1-4-7_BM;chr3;106149750;106149750;T;C;Chi3l3
A1-4-7;A1-4-7_tail;A1-4-7_BM;chr3;5401735;5401735;A;G;Zfhx4
A1-4-7;A1-4-7_tail;A1-4-7_BM;chr4;63225586;63225586;T;G;Col27a1
A1-4-7;A1-4-7_tail;A1-4-7_BM;chr4;28947638;28947638;C;T;Epha7
A1-4-7;A1-4-7_tail;A1-4-7_BM;chr5;120609628;120609628;G;A;1110008J03Rik
A1-4-7;A1-4-7_tail;A1-4-7_BM;chr5;35042599;35042599;C;T;Hgfac
A1-4-7;A1-4-7_tail;A1-4-7_BM;chr5;121168003;121168003;C;T;Ptpn11
A1-4-7;A1-4-7_tail;A1-4-7_BM;chr6;38196439;38196439;G;A;D630045J12Rik
A1-4-7;A1-4-7_tail;A1-4-7_BM;chr6;85337030;85337030;G;A;Rab11fip5
A1-4-7;A1-4-7_tail;A1-4-7_BM;chr7;82574004;82574004;G;A;Adamtsl3
A1-4-7;A1-4-7_tail;A1-4-7_BM;chr7;128133275;128133275;T;C;Itgax
A1-4-7;A1-4-7_tail;A1-4-7_BM;chr7;102752989;102752989;T;A;Olfr560
A1-4-7;A1-4-7_tail;A1-4-7_BM;chr7;25081644;25081644;C;T;Zfp574
A1-4-7;A1-4-7_tail;A1-4-7_BM;chr8;27154308;27154308;G;A;Rab11fip1
A1-4-7;A1-4-7_tail;A1-4-7_BM;chr9;14572677;14572677;C;T;Amotl1
A1-4-7;A1-4-7_tail;A1-4-7_BM;chr9;15959858;15959858;G;T;Fat3
A1-4-7;A1-4-7_tail;A1-4-7_BM;chr9;54335830;54335830;T;A;Gldn
A1-4-7;A1-4-7_tail;A1-4-7_BM;chr10;11295240;11295240;T;G;Fbxo30
A1-4-7;A1-4-7_tail;A1-4-7_BM;chr10;129912132;129912132;C;T;Olfr816
A1-4-7;A1-4-7_tail;A1-4-7_BM;chr10;94794675;94794675;C;A;Plxnc1
A1-4-7;A1-4-7_tail;A1-4-7_BM;chr10;51723856;51723856;C;T;Rfx6
A1-4-7;A1-4-7_tail;A1-4-7_BM;chr10;26245602;26245602;T;C;Samd3
A1-4-7;A1-4-7_tail;A1-4-7_BM;chr10;33200204;33200204;C;A;Trdn
A1-4-7;A1-4-7_tail;A1-4-7_BM;chr11;120273314;120273314;G;A;Bahcc1
A1-4-7;A1-4-7_tail;A1-4-7_BM;chr11;106813834;106813834;G;A;Cep95
A1-4-7;A1-4-7_tail;A1-4-7_BM;chr11;54916905;54916905;G;A;Tnip1
A1-4-7;A1-4-7_tail;A1-4-7_BM;chr11;51070644;51070644;C;T;Zfp354a
A1-4-7;A1-4-7_tail;A1-4-7_BM;chr13;73268858;73268858;G;A;Irx4
A1-4-7;A1-4-7_tail;A1-4-7_BM;chr14;37057443;37057443;A;T;Lrit1
A1-4-7;A1-4-7_tail;A1-4-7_BM;chr14;79770248;79770248;C;T;Pcdh8
A1-4-7;A1-4-7_tail;A1-4-7_BM;chr14;57643200;57643200;G;A;Xpo4
A1-4-7;A1-4-7_tail;A1-4-7_BM;chr15;76106727;76106727;C;T;Eppk1
A1-4-7;A1-4-7_tail;A1-4-7_BM;chr15;52335160;52335160;G;T;Slc30a8
A1-4-7;A1-4-7_tail;A1-4-7_BM;chr16;33196120;33196120;C;T;Osbpl11
A1-4-7;A1-4-7_tail;A1-4-7_BM;chr17;65256583;65256583;C;T;Tmem232
A1-4-7;A1-4-7_tail;A1-4-7_BM;chr18;34863349;34863349;G;T;Egr1
A1-4-7;A1-4-7_tail;A1-4-7_BM;chr19;29717713;29717713;G;A;9930021J03Rik
A1-4-7;A1-4-7_tail;A1-4-7_BM;chr19;54047310;54047310;G;A;Adra2a
A1-4-7;A1-4-7_tail;A1-4-7_BM;chrX;134806689;134806690;AG;GA;Armcx2
A1-4-7;A1-4-7_tail;A1-4-7_BM;chrX;94538510;94538510;T;C;Maged1
A1-4-7;A1-4-7_tail;A1-4-7_BM;chrX;139824102;139824102;C;T;Morc4
A1-4-7;A1-4-7_tail;A1-4-7_BM;chrX;89405846;89405846;C;T;Pet2
A2-1-1;A2-1-1_tail;A2-1-1_BM;chr2;35354896;35354896;T;A;4930568D16Rik
A2-1-1;A2-1-1_tail;A2-1-1_BM;chr2;88411871;88411871;T;A;Olfr1180
A2-1-1;A2-1-1_tail;A2-1-1_BM;chr2;153243656;153243656;C;T;Pofut1
A2-1-1;A2-1-1_tail;A2-1-1_BM;chr3;131293658;131293658;C;T;Cyp2u1
A2-1-1;A2-1-1_tail;A2-1-1_BM;chr4;135750763;135750763;G;A;Il22ra1
A2-1-1;A2-1-1_tail;A2-1-1_BM;chr6;23115156;23115156;C;T;Aass
A2-1-1;A2-1-1_tail;A2-1-1_BM;chr6;83652425;83652425;C;T;Clec4f
A2-1-1;A2-1-1_tail;A2-1-1_BM;chr6;140593564;140593577;TGTCCCCGTCTCCT;-;Plekha5
A2-1-1;A2-1-1_tail;A2-1-1_BM;chr6;47820441;47820441;T;C;Zfp786
A2-1-1;A2-1-1_tail;A2-1-1_BM;chr7;119595998;119595998;G;A;Acsm2
A2-1-1;A2-1-1_tail;A2-1-1_BM;chr7;130503754;130503754;G;A;Ate1
A2-1-1;A2-1-1_tail;A2-1-1_BM;chr7;81974048;81974048;G;A;Bnc1
A2-1-1;A2-1-1_tail;A2-1-1_BM;chr9;78414233;78414233;G;A;Ddx43
A2-1-1;A2-1-1_tail;A2-1-1_BM;chr9;44263885;44263885;G;A;Nlrx1
A2-1-1;A2-1-1_tail;A2-1-1_BM;chr10;56162043;56162043;A;C;D630037F22Rik
A2-1-1;A2-1-1_tail;A2-1-1_BM;chr10;51590152;51590152;G;A;Fam162b
A2-1-1;A2-1-1_tail;A2-1-1_BM;chr11;87871456;87871456;G;A;Epx
A2-1-1;A2-1-1_tail;A2-1-1_BM;chr11;69400041;69400041;C;T;Kdm6b
A2-1-1;A2-1-1_tail;A2-1-1_BM;chr15;94283837;94283837;T;-;Adamts20
A2-1-1;A2-1-1_tail;A2-1-1_BM;chr15;98544040;98544040;G;A;Ccnt1
A2-1-1;A2-1-1_tail;A2-1-1_BM;chr18;60270062;60270062;G;A;Gm4841
A2-1-1;A2-1-1_tail;A2-1-1_BM;chr19;47665872;47665872;C;T;Col17a1
A2-1-1;A2-1-1_tail;A2-1-1_BM;chr19;33168452;33168452;G;T;Rnls
A2-1-1;A2-1-1_tail;A2-1-1_BM;chrX;6083060;6083060;A;C;AU022751
A2-2-1;A2-2-1_tail;A2-2-1_BM;chr2;35354896;35354896;T;A;4930568D16Rik
A2-2-1;A2-2-1_tail;A2-2-1_BM;chr2;88411871;88411871;T;A;Olfr1180
A2-2-1;A2-2-1_tail;A2-2-1_BM;chr2;153243656;153243656;C;T;Pofut1
A2-2-1;A2-2-1_tail;A2-2-1_BM;chr3;131293658;131293658;C;T;Cyp2u1
A2-2-1;A2-2-1_tail;A2-2-1_BM;chr4;135750763;135750763;G;A;Il22ra1
A2-2-1;A2-2-1_tail;A2-2-1_BM;chr6;83652425;83652425;C;T;Clec4f
A2-2-1;A2-2-1_tail;A2-2-1_BM;chr6;140593564;140593577;TGTCCCCGTCTCCT;-;Plekha5
A2-2-1;A2-2-1_tail;A2-2-1_BM;chr6;48835525;48835525;G;A;Tmem176b
A2-2-1;A2-2-1_tail;A2-2-1_BM;chr6;47820441;47820441;T;C;Zfp786
A2-2-1;A2-2-1_tail;A2-2-1_BM;chr7;119595998;119595998;G;A;Acsm2
A2-2-1;A2-2-1_tail;A2-2-1_BM;chr7;130503754;130503754;G;A;Ate1
A2-2-1;A2-2-1_tail;A2-2-1_BM;chr7;81974048;81974048;G;A;Bnc1
A2-2-1;A2-2-1_tail;A2-2-1_BM;chr9;78414233;78414233;G;A;Ddx43
A2-2-1;A2-2-1_tail;A2-2-1_BM;chr9;44263885;44263885;G;A;Nlrx1
A2-2-1;A2-2-1_tail;A2-2-1_BM;chr10;56162043;56162043;A;C;D630037F22Rik
A2-2-1;A2-2-1_tail;A2-2-1_BM;chr10;51590152;51590152;G;A;Fam162b
A2-2-1;A2-2-1_tail;A2-2-1_BM;chr11;87871456;87871456;G;A;Epx
A2-2-1;A2-2-1_tail;A2-2-1_BM;chr11;69400041;69400041;C;T;Kdm6b
A2-2-1;A2-2-1_tail;A2-2-1_BM;chr15;94283837;94283837;T;-;Adamts20
A2-2-1;A2-2-1_tail;A2-2-1_BM;chr15;98544040;98544040;G;A;Ccnt1
A2-2-1;A2-2-1_tail;A2-2-1_BM;chr18;60270062;60270062;G;A;Gm4841
A2-2-1;A2-2-1_tail;A2-2-1_BM;chr19;47665872;47665872;C;T;Col17a1
A2-2-1;A2-2-1_tail;A2-2-1_BM;chr19;33168452;33168452;G;T;Rnls
A2-2-1;A2-2-1_tail;A2-2-1_BM;chrX;6083060;6083060;A;C;AU022751
A2-2-2;A2-2-2_tail;A2-2-2_BM;chr2;35354896;35354896;T;A;4930568D16Rik
A2-2-2;A2-2-2_tail;A2-2-2_BM;chr2;88411871;88411871;T;A;Olfr1180
A2-2-2;A2-2-2_tail;A2-2-2_BM;chr2;153243656;153243656;C;T;Pofut1
A2-2-2;A2-2-2_tail;A2-2-2_BM;chr3;131293658;131293658;C;T;Cyp2u1
A2-2-2;A2-2-2_tail;A2-2-2_BM;chr4;135750763;135750763;G;A;Il22ra1
A2-2-2;A2-2-2_tail;A2-2-2_BM;chr6;23115156;23115156;C;T;Aass
A2-2-2;A2-2-2_tail;A2-2-2_BM;chr6;83652425;83652425;C;T;Clec4f
A2-2-2;A2-2-2_tail;A2-2-2_BM;chr6;140593564;140593577;TGTCCCCGTCTCCT;-;Plekha5
A2-2-2;A2-2-2_tail;A2-2-2_BM;chr6;47820441;47820441;T;C;Zfp786
A2-2-2;A2-2-2_tail;A2-2-2_BM;chr7;119595998;119595998;G;A;Acsm2
A2-2-2;A2-2-2_tail;A2-2-2_BM;chr7;130503754;130503754;G;A;Ate1
A2-2-2;A2-2-2_tail;A2-2-2_BM;chr7;81974048;81974048;G;A;Bnc1
A2-2-2;A2-2-2_tail;A2-2-2_BM;chr9;78414233;78414233;G;A;Ddx43
A2-2-2;A2-2-2_tail;A2-2-2_BM;chr9;44263885;44263885;G;A;Nlrx1
A2-2-2;A2-2-2_tail;A2-2-2_BM;chr10;56162043;56162043;A;C;D630037F22Rik
A2-2-2;A2-2-2_tail;A2-2-2_BM;chr10;51590152;51590152;G;A;Fam162b
A2-2-2;A2-2-2_tail;A2-2-2_BM;chr11;87871456;87871456;G;A;Epx
A2-2-2;A2-2-2_tail;A2-2-2_BM;chr11;69400041;69400041;C;T;Kdm6b
A2-2-2;A2-2-2_tail;A2-2-2_BM;chr15;94283837;94283837;T;-;Adamts20
A2-2-2;A2-2-2_tail;A2-2-2_BM;chr15;98544040;98544040;G;A;Ccnt1
A2-2-2;A2-2-2_tail;A2-2-2_BM;chr18;60270062;60270062;G;A;Gm4841
A2-2-2;A2-2-2_tail;A2-2-2_BM;chr19;47665872;47665872;C;T;Col17a1
A2-2-2;A2-2-2_tail;A2-2-2_BM;chr19;33168452;33168452;G;T;Rnls
A2-2-2;A2-2-2_tail;A2-2-2_BM;chrX;6083060;6083060;A;C;AU022751
B1-1-1;B1-1-1_tail;B1-1-1_BM;chr3;92868846;92868846;C;A;2310050C09Rik
B1-1-1;B1-1-1_tail;B1-1-1_BM;chr11;43776006;43776006;A;G;Adra1b
B1-1-1;B1-1-1_tail;B1-1-1_BM;chr14;102981774;102981774;C;T;Kctd12
B1-1-1;B1-1-1_tail;B1-1-1_BM;chrX;96160175;96160175;C;T;Msn
B1-2-1;B1-2-1_tail;B1-2-1_BM;chr11;43776006;43776006;A;G;Adra1b
B1-2-1;B1-2-1_tail;B1-2-1_BM;chr11;70318181;70318181;A;C;Alox12e
B1-2-1;B1-2-1_tail;B1-2-1_BM;chr14;102981774;102981774;C;T;Kctd12
B1-2-1;B1-2-1_tail;B1-2-1_BM;chrX;96160175;96160175;C;T;Msn
B1-2-2;B1-2-2_tail;B1-2-2_BM;chr1;71047666;71047666;T;G;Bard1
B1-2-2;B1-2-2_tail;B1-2-2_BM;chr3;92868846;92868846;C;A;2310050C09Rik
B1-2-2;B1-2-2_tail;B1-2-2_BM;chr5;137529884;137529884;C;T;Gnb2
B1-2-2;B1-2-2_tail;B1-2-2_BM;chr11;43776006;43776006;A;G;Adra1b
B1-2-2;B1-2-2_tail;B1-2-2_BM;chr11;70318181;70318181;A;C;Alox12e
B1-2-2;B1-2-2_tail;B1-2-2_BM;chr14;102981774;102981774;C;T;Kctd12
B1-2-2;B1-2-2_tail;B1-2-2_BM;chrX;96160175;96160175;C;T;Msn
B1-2-3;B1-2-3_tail;B1-2-3_BM;chr1;71047666;71047666;T;G;Bard1
B1-2-3;B1-2-3_tail;B1-2-3_BM;chr3;92868846;92868846;C;A;2310050C09Rik
B1-2-3;B1-2-3_tail;B1-2-3_BM;chr5;137529884;137529884;C;T;Gnb2
B1-2-3;B1-2-3_tail;B1-2-3_BM;chr11;43776006;43776006;A;G;Adra1b
B1-2-3;B1-2-3_tail;B1-2-3_BM;chr11;70318181;70318181;A;C;Alox12e
B1-2-3;B1-2-3_tail;B1-2-3_BM;chr14;102981774;102981774;C;T;Kctd12
B1-2-3;B1-2-3_tail;B1-2-3_BM;chrX;96160175;96160175;C;T;Msn
B1-3-1;B1-3-1_tail;B1-3-1_BM;chr5;137529884;137529884;C;T;Gnb2
B1-3-1;B1-3-1_tail;B1-3-1_BM;chr7;79098085;79098085;A;C;Acan
B1-3-1;B1-3-1_tail;B1-3-1_BM;chr11;43776006;43776006;A;G;Adra1b
B1-3-1;B1-3-1_tail;B1-3-1_BM;chr14;102981774;102981774;C;T;Kctd12
B1-3-1;B1-3-1_tail;B1-3-1_BM;chrX;96160175;96160175;C;T;Msn
B1-3-1;B1-3-1_tail;B1-3-1_BM;chrX;64272307;64272307;C;A;Slitrk4
B1-3-2;B1-3-2_tail;B1-3-2_BM;chr1;71047666;71047666;T;G;Bard1
B1-3-2;B1-3-2_tail;B1-3-2_BM;chr5;137529884;137529884;C;T;Gnb2
B1-3-2;B1-3-2_tail;B1-3-2_BM;chr11;43776006;43776006;A;G;Adra1b
B1-3-2;B1-3-2_tail;B1-3-2_BM;chr14;102981774;102981774;C;T;Kctd12
B1-3-2;B1-3-2_tail;B1-3-2_BM;chr14;76134837;76134837;C;T;Nufip1
B1-3-2;B1-3-2_tail;B1-3-2_BM;chrX;96160175;96160175;C;T;Msn
B1-3-4;B1-3-4_tail;B1-3-4_BM;chr1;71047666;71047666;T;G;Bard1
B1-3-4;B1-3-4_tail;B1-3-4_BM;chr2;74705975;74705975;A;T;Hoxd8
B1-3-4;B1-3-4_tail;B1-3-4_BM;chr2;59842945;59842945;G;A;Tanc1
B1-3-4;B1-3-4_tail;B1-3-4_BM;chr4;115920216;115920216;T;A;Dmbx1
B1-3-4;B1-3-4_tail;B1-3-4_BM;chr4;120097199;120097199;T;G;Hivep3
B1-3-4;B1-3-4_tail;B1-3-4_BM;chr4;81335755;81335755;C;T;Mpdz
B1-3-4;B1-3-4_tail;B1-3-4_BM;chr5;90474665;90474665;A;G;Alb
B1-3-4;B1-3-4_tail;B1-3-4_BM;chr5;137529884;137529884;C;T;Gnb2
B1-3-4;B1-3-4_tail;B1-3-4_BM;chr8;110415777;110415777;G;A;Hydin
B1-3-4;B1-3-4_tail;B1-3-4_BM;chr11;43776006;43776006;A;G;Adra1b
B1-3-4;B1-3-4_tail;B1-3-4_BM;chr11;69744685;69744685;G;A;Polr2a
B1-3-4;B1-3-4_tail;B1-3-4_BM;chr13;104375757;104375757;G;A;Adamts6
B1-3-4;B1-3-4_tail;B1-3-4_BM;chr14;102981774;102981774;C;T;Kctd12
B1-3-4;B1-3-4_tail;B1-3-4_BM;chr14;75525901;75525901;C;A;Siah3
B1-3-4;B1-3-4_tail;B1-3-4_BM;chr15;66919401;66919401;G;A;Wisp1
B1-3-4;B1-3-4_tail;B1-3-4_BM;chr17;31105597;31105597;C;T;Abcg1
B1-3-4;B1-3-4_tail;B1-3-4_BM;chrX;105875297;105875297;T;G;Atrx
B1-3-4;B1-3-4_tail;B1-3-4_BM;chrX;96160175;96160175;C;T;Msn
B1-3-4;B1-3-4_tail;B1-3-4_BM;chrX;64272307;64272307;C;A;Slitrk4
B1-3-5;B1-3-5_tail;B1-3-5_BM;chr2;74705975;74705975;A;T;Hoxd8
B1-3-5;B1-3-5_tail;B1-3-5_BM;chr5;137529884;137529884;C;T;Gnb2
B1-3-5;B1-3-5_tail;B1-3-5_BM;chr9;45752068;45752068;C;T;Dscaml1
B1-3-5;B1-3-5_tail;B1-3-5_BM;chr11;43776006;43776006;A;G;Adra1b
B1-3-5;B1-3-5_tail;B1-3-5_BM;chr14;102981774;102981774;C;T;Kctd12
B1-3-5;B1-3-5_tail;B1-3-5_BM;chr17;31105597;31105597;C;T;Abcg1
B1-3-5;B1-3-5_tail;B1-3-5_BM;chrX;96160175;96160175;C;T;Msn
B1-3-5;B1-3-5_tail;B1-3-5_BM;chrX;64272307;64272307;C;A;Slitrk4
B1-4-1;B1-4-1_tail;B1-4-1_BM;chr1;71047666;71047666;T;G;Bard1
B1-4-1;B1-4-1_tail;B1-4-1_BM;chr1;34278049;34278049;A;T;Dst
B1-4-1;B1-4-1_tail;B1-4-1_BM;chr3;62493796;62493796;G;A;Dhx36
B1-4-1;B1-4-1_tail;B1-4-1_BM;chr3;92028012;92028012;C;T;Pglyrp3
B1-4-1;B1-4-1_tail;B1-4-1_BM;chr5;137529884;137529884;C;T;Gnb2
B1-4-1;B1-4-1_tail;B1-4-1_BM;chr6;13836698;13836698;C;T;Gpr85
B1-4-1;B1-4-1_tail;B1-4-1_BM;chr6;121358699;121358699;C;G;Slc6a12
B1-4-1;B1-4-1_tail;B1-4-1_BM;chr7;140297699;140297699;C;T;5830411N06Rik
B1-4-1;B1-4-1_tail;B1-4-1_BM;chr9;108084849;108084849;G;A;Mst1
B1-4-1;B1-4-1_tail;B1-4-1_BM;chr10;94181503;94181503;C;T;Nr2c1
B1-4-1;B1-4-1_tail;B1-4-1_BM;chr11;43776006;43776006;A;G;Adra1b
B1-4-1;B1-4-1_tail;B1-4-1_BM;chr12;76575914;76575914;C;T;Plekhg3
B1-4-1;B1-4-1_tail;B1-4-1_BM;chr13;93677100;93677100;G;A;Dmgdh
B1-4-1;B1-4-1_tail;B1-4-1_BM;chr14;102981774;102981774;C;T;Kctd12
B1-4-1;B1-4-1_tail;B1-4-1_BM;chr14;76134837;76134837;C;T;Nufip1
B1-4-1;B1-4-1_tail;B1-4-1_BM;chr18;20536959;20536959;G;A;Dsg3
B1-4-1;B1-4-1_tail;B1-4-1_BM;chr19;37685837;37685837;C;T;Cyp26c1
B1-4-1;B1-4-1_tail;B1-4-1_BM;chrX;96160175;96160175;C;T;Msn
B1-4-5;B1-4-5_tail;B1-4-5_BM;chr1;172239796;172239796;C;T;Atp1a4
B1-4-5;B1-4-5_tail;B1-4-5_BM;chr1;171237964;171237964;G;A;Ndufs2
B1-4-5;B1-4-5_tail;B1-4-5_BM;chr2;65022586;65022586;G;A;Grb14
B1-4-5;B1-4-5_tail;B1-4-5_BM;chr3;62493796;62493796;G;A;Dhx36
B1-4-5;B1-4-5_tail;B1-4-5_BM;chr5;137529884;137529884;C;T;Gnb2
B1-4-5;B1-4-5_tail;B1-4-5_BM;chr5;142776308;142776308;G;A;Tnrc18
B1-4-5;B1-4-5_tail;B1-4-5_BM;chr6;121358699;121358699;C;G;Slc6a12
B1-4-5;B1-4-5_tail;B1-4-5_BM;chr7;6277419;6277419;G;A;Gm6792
B1-4-5;B1-4-5_tail;B1-4-5_BM;chr7;104704475;104704475;G;A;Olfr663
B1-4-5;B1-4-5_tail;B1-4-5_BM;chr8;4210997;4210997;G;A;BC068157
B1-4-5;B1-4-5_tail;B1-4-5_BM;chr9;4299348;4299348;G;A;Aasdhppt
B1-4-5;B1-4-5_tail;B1-4-5_BM;chr9;108084849;108084849;G;A;Mst1
B1-4-5;B1-4-5_tail;B1-4-5_BM;chr11;43776006;43776006;A;G;Adra1b
B1-4-5;B1-4-5_tail;B1-4-5_BM;chr11;12249810;12249810;G;A;Cobl
B1-4-5;B1-4-5_tail;B1-4-5_BM;chr13;93677100;93677100;G;A;Dmgdh
B1-4-5;B1-4-5_tail;B1-4-5_BM;chr13;64921751;64921751;T;A;Spata31
B1-4-5;B1-4-5_tail;B1-4-5_BM;chr14;76134837;76134837;C;T;Nufip1
B1-4-5;B1-4-5_tail;B1-4-5_BM;chr17;37151568;37151568;G;A;Olfr93
B1-4-5;B1-4-5_tail;B1-4-5_BM;chr18;13717655;13717655;C;A;Zfp521
B1-4-9;B1-4-9_tail;B1-4-9_BM;chr2;74705975;74705975;A;T;Hoxd8
B1-4-9;B1-4-9_tail;B1-4-9_BM;chr2;59842945;59842945;G;A;Tanc1
B1-4-9;B1-4-9_tail;B1-4-9_BM;chr3;36870118;36870118;C;T;4932438A13Rik
B1-4-9;B1-4-9_tail;B1-4-9_BM;chr4;115920216;115920216;T;A;Dmbx1
B1-4-9;B1-4-9_tail;B1-4-9_BM;chr4;120097199;120097199;T;G;Hivep3
B1-4-9;B1-4-9_tail;B1-4-9_BM;chr4;81335755;81335755;C;T;Mpdz
B1-4-9;B1-4-9_tail;B1-4-9_BM;chr5;90474665;90474665;A;G;Alb
B1-4-9;B1-4-9_tail;B1-4-9_BM;chr5;137529884;137529884;C;T;Gnb2
B1-4-9;B1-4-9_tail;B1-4-9_BM;chr8;80496720;80496720;C;T;Gypa
B1-4-9;B1-4-9_tail;B1-4-9_BM;chr8;110415777;110415777;G;A;Hydin
B1-4-9;B1-4-9_tail;B1-4-9_BM;chr9;45752068;45752068;C;T;Dscaml1
B1-4-9;B1-4-9_tail;B1-4-9_BM;chr9;62696892;62696892;G;C;Itga11
B1-4-9;B1-4-9_tail;B1-4-9_BM;chr11;43776006;43776006;A;G;Adra1b
B1-4-9;B1-4-9_tail;B1-4-9_BM;chr11;69744685;69744685;G;A;Polr2a
B1-4-9;B1-4-9_tail;B1-4-9_BM;chr12;73941721;73941721;T;G;Hif1a
B1-4-9;B1-4-9_tail;B1-4-9_BM;chr13;104375757;104375757;G;A;Adamts6
B1-4-9;B1-4-9_tail;B1-4-9_BM;chr14;102981774;102981774;C;T;Kctd12
B1-4-9;B1-4-9_tail;B1-4-9_BM;chr14;75525901;75525901;C;A;Siah3
B1-4-9;B1-4-9_tail;B1-4-9_BM;chr15;77786512;77786512;G;A;Myh9
B1-4-9;B1-4-9_tail;B1-4-9_BM;chr15;66919401;66919401;G;A;Wisp1
B1-4-9;B1-4-9_tail;B1-4-9_BM;chr17;31105597;31105597;C;T;Abcg1
B1-4-9;B1-4-9_tail;B1-4-9_BM;chr19;58733459;58733459;T;G;Pnliprp1
B1-4-9;B1-4-9_tail;B1-4-9_BM;chrX;105875297;105875297;T;G;Atrx
B1-4-9;B1-4-9_tail;B1-4-9_BM;chrX;96160175;96160175;C;T;Msn
B1-4-10;B1-4-10_tail;B1-4-10_BM;chr2;74705975;74705975;A;T;Hoxd8
B1-4-10;B1-4-10_tail;B1-4-10_BM;chr2;59842945;59842945;G;A;Tanc1
B1-4-10;B1-4-10_tail;B1-4-10_BM;chr4;115920216;115920216;T;A;Dmbx1
B1-4-10;B1-4-10_tail;B1-4-10_BM;chr4;120097199;120097199;T;G;Hivep3
B1-4-10;B1-4-10_tail;B1-4-10_BM;chr4;81335755;81335755;C;T;Mpdz
B1-4-10;B1-4-10_tail;B1-4-10_BM;chr5;90474665;90474665;A;G;Alb
B1-4-10;B1-4-10_tail;B1-4-10_BM;chr5;137529884;137529884;C;T;Gnb2
B1-4-10;B1-4-10_tail;B1-4-10_BM;chr7;105144072;105144072;T;G;Olfr683
B1-4-10;B1-4-10_tail;B1-4-10_BM;chr8;80496720;80496720;C;T;Gypa
B1-4-10;B1-4-10_tail;B1-4-10_BM;chr8;110415777;110415777;G;A;Hydin
B1-4-10;B1-4-10_tail;B1-4-10_BM;chr9;45752068;45752068;C;T;Dscaml1
B1-4-10;B1-4-10_tail;B1-4-10_BM;chr9;62696892;62696892;G;C;Itga11
B1-4-10;B1-4-10_tail;B1-4-10_BM;chr11;43776006;43776006;A;G;Adra1b
B1-4-10;B1-4-10_tail;B1-4-10_BM;chr11;69744685;69744685;G;A;Polr2a
B1-4-10;B1-4-10_tail;B1-4-10_BM;chr12;73941721;73941721;T;G;Hif1a
B1-4-10;B1-4-10_tail;B1-4-10_BM;chr14;102981774;102981774;C;T;Kctd12
B1-4-10;B1-4-10_tail;B1-4-10_BM;chr14;75525901;75525901;C;A;Siah3
B1-4-10;B1-4-10_tail;B1-4-10_BM;chr15;66919401;66919401;G;A;Wisp1
B1-4-10;B1-4-10_tail;B1-4-10_BM;chr17;31105597;31105597;C;T;Abcg1
B1-4-10;B1-4-10_tail;B1-4-10_BM;chr19;58733459;58733459;T;G;Pnliprp1
B1-4-10;B1-4-10_tail;B1-4-10_BM;chrX;105875297;105875297;T;G;Atrx
B1-4-10;B1-4-10_tail;B1-4-10_BM;chrX;96160175;96160175;C;T;Msn
B1-4-13;B1-4-13_tail;B1-4-13_BM;chr2;155276972;155276972;G;A;Map1lc3a
B1-4-13;B1-4-13_tail;B1-4-13_BM;chr2;126829167;126829167;T;A;Trpm7
B1-4-13;B1-4-13_tail;B1-4-13_BM;chr4;115920216;115920216;T;A;Dmbx1
B1-4-13;B1-4-13_tail;B1-4-13_BM;chr4;120097199;120097199;T;G;Hivep3
B1-4-13;B1-4-13_tail;B1-4-13_BM;chr4;141683988;141683988;G;T;Rsc1a1
B1-4-13;B1-4-13_tail;B1-4-13_BM;chr5;90474665;90474665;A;G;Alb
B1-4-13;B1-4-13_tail;B1-4-13_BM;chr5;114263107;114263107;G;A;Foxn4
B1-4-13;B1-4-13_tail;B1-4-13_BM;chr5;137529884;137529884;C;T;Gnb2
B1-4-13;B1-4-13_tail;B1-4-13_BM;chr8;110415777;110415777;G;A;Hydin
B1-4-13;B1-4-13_tail;B1-4-13_BM;chr9;92343681;92343681;C;T;1700057G04Rik
B1-4-13;B1-4-13_tail;B1-4-13_BM;chr9;62696892;62696892;G;C;Itga11
B1-4-13;B1-4-13_tail;B1-4-13_BM;chr11;43776006;43776006;A;G;Adra1b
B1-4-13;B1-4-13_tail;B1-4-13_BM;chr11;55532341;55532341;G;A;Glra1
B1-4-13;B1-4-13_tail;B1-4-13_BM;chr11;103208861;103208861;C;T;Spata32
B1-4-13;B1-4-13_tail;B1-4-13_BM;chr14;70638916;70638916;G;C;Fgf17
B1-4-13;B1-4-13_tail;B1-4-13_BM;chr14;102981774;102981774;C;T;Kctd12
B1-4-13;B1-4-13_tail;B1-4-13_BM;chr15;66919401;66919401;G;A;Wisp1
B1-4-13;B1-4-13_tail;B1-4-13_BM;chr16;93810163;93810163;C;T;Dopey2
B1-4-13;B1-4-13_tail;B1-4-13_BM;chr18;82986882;82986882;C;A;Zfp516
B1-4-13;B1-4-13_tail;B1-4-13_BM;chr19;58733459;58733459;T;G;Pnliprp1
B1-4-13;B1-4-13_tail;B1-4-13_BM;chrX;105875297;105875297;T;G;Atrx
B1-4-13;B1-4-13_tail;B1-4-13_BM;chrX;96160175;96160175;C;T;Msn
C1-1-1;C1-1-1_tail;C1-1-1_BM;chr8;110858656;110858656;G;A;Cog4
C1-2-1;C1-2-1_tail;C1-2-1_BM;chr5;121168003;121168003;C;T;Ptpn11
C1-2-1;C1-2-1_tail;C1-2-1_BM;chr8;110858656;110858656;G;A;Cog4
C1-2-2;C1-2-2_tail;C1-2-2_BM;chr2;173568941;173568941;G;A;Ankrd60
C1-2-2;C1-2-2_tail;C1-2-2_BM;chr5;122457255;122457255;C;T;Atp2a2
C1-2-2;C1-2-2_tail;C1-2-2_BM;chr5;121168003;121168003;C;T;Ptpn11
C1-2-2;C1-2-2_tail;C1-2-2_BM;chr8;110858656;110858656;G;A;Cog4
C2-1-1;C2-1-1_tail;C2-1-1_BM;chr6;39627783;39627783;A;T;Braf
C2-1-1;C2-1-1_tail;C2-1-1_BM;chr7;57408803;57408803;G;A;Gabra5
C2-2-1;C2-2-1_tail;C2-2-1_BM;chr2;25295931;25295931;A;C;Grin1
C2-2-1;C2-2-1_tail;C2-2-1_BM;chr6;39627783;39627783;A;T;Braf
C2-2-1;C2-2-1_tail;C2-2-1_BM;chr7;57408803;57408803;G;A;Gabra5
C2-2-2;C2-2-2_tail;C2-2-2_BM;chr6;39627783;39627783;A;T;Braf
C2-2-2;C2-2-2_tail;C2-2-2_BM;chr7;57408803;57408803;G;A;Gabra5
D1-1-1;D1-1-1_tail;D1-1-1_BM;chr1;43742308;43742308;G;A;1500015O10Rik
D1-1-1;D1-1-1_tail;D1-1-1_BM;chr1;58233915;58233915;G;A;Aox4
D1-1-1;D1-1-1_tail;D1-1-1_BM;chr1;160577443;160577443;T;A;Gpr52
D1-1-1;D1-1-1_tail;D1-1-1_BM;chr2;83879660;83879660;A;G;Fam171b
D1-1-1;D1-1-1_tail;D1-1-1_BM;chr2;41449323;41449323;T;A;Lrp1b
D1-1-1;D1-1-1_tail;D1-1-1_BM;chr2;87753589;87753589;C;T;Olfr1141
D1-1-1;D1-1-1_tail;D1-1-1_BM;chr3;87975556;87975556;A;G;Nes
D1-1-1;D1-1-1_tail;D1-1-1_BM;chr3;102941078;102941078;A;G;Nr1h5
D1-1-1;D1-1-1_tail;D1-1-1_BM;chr3;109827654;109827654;C;T;Ntng1
D1-1-1;D1-1-1_tail;D1-1-1_BM;chr3;129811729;129811729;G;A;Rrh
D1-1-1;D1-1-1_tail;D1-1-1_BM;chr3;5412423;5412423;G;A;Zfhx4
D1-1-1;D1-1-1_tail;D1-1-1_BM;chr4;101814920;101814920;C;T;Lepr
D1-1-1;D1-1-1_tail;D1-1-1_BM;chr4;43101826;43101826;T;A;Unc13b
D1-1-1;D1-1-1_tail;D1-1-1_BM;chr5;101814467;101814467;C;T;Cds1
D1-1-1;D1-1-1_tail;D1-1-1_BM;chr5;4757484;4757484;C;T;Fzd1
D1-1-1;D1-1-1_tail;D1-1-1_BM;chr5;106845458;106845458;C;T;Hfm1
D1-1-1;D1-1-1_tail;D1-1-1_BM;chr5;33668158;33668158;C;T;Tacc3
D1-1-1;D1-1-1_tail;D1-1-1_BM;chr6;142449487;142449487;A;T;Gys2
D1-1-1;D1-1-1_tail;D1-1-1_BM;chr7;103451408;103451408;G;A;Olfr606
D1-1-1;D1-1-1_tail;D1-1-1_BM;chr7;35584548;35584548;C;A;Rgs9bp
D1-1-1;D1-1-1_tail;D1-1-1_BM;chr8;25739570;25739570;C;T;Ddhd2
D1-1-1;D1-1-1_tail;D1-1-1_BM;chr8;33572140;33572140;C;T;Tex15
D1-1-1;D1-1-1_tail;D1-1-1_BM;chr9;43279886;43279886;G;A;D630033O11Rik
D1-1-1;D1-1-1_tail;D1-1-1_BM;chr9;3634462;3634462;G;A;Gucy1a2
D1-1-1;D1-1-1_tail;D1-1-1_BM;chr9;38403692;38403692;G;T;Olfr147
D1-1-1;D1-1-1_tail;D1-1-1_BM;chr9;78313067;78313067;G;A;Omt2a
D1-1-1;D1-1-1_tail;D1-1-1_BM;chr9;48832304;48832304;G;A;Zbtb16
D1-1-1;D1-1-1_tail;D1-1-1_BM;chr10;89714952;89714952;G;A;Actr6
D1-1-1;D1-1-1_tail;D1-1-1_BM;chr10;128953950;128953950;C;A;Itga7
D1-1-1;D1-1-1_tail;D1-1-1_BM;chr10;88548796;88548796;G;A;Mybpc1
D1-1-1;D1-1-1_tail;D1-1-1_BM;chr11;85178450;85178450;G;A;1700125H20Rik
D1-1-1;D1-1-1_tail;D1-1-1_BM;chr11;75432578;75432578;C;T;Serpinf2
D1-1-1;D1-1-1_tail;D1-1-1_BM;chr12;3367043;3367043;C;T;Kif3c
D1-1-1;D1-1-1_tail;D1-1-1_BM;chr12;69722113;69722113;A;T;L2hgdh
D1-1-1;D1-1-1_tail;D1-1-1_BM;chr13;92752398;92752398;G;A;Thbs4
D1-1-1;D1-1-1_tail;D1-1-1_BM;chr14;28522675;28522675;C;T;Wnt5a
D1-1-1;D1-1-1_tail;D1-1-1_BM;chr15;20666089;20666089;C;T;Acot10
D1-1-1;D1-1-1_tail;D1-1-1_BM;chr15;98594461;98594461;G;A;Adcy6
D1-1-1;D1-1-1_tail;D1-1-1_BM;chr17;36128961;36128961;C;T;Gm7030
D1-1-1;D1-1-1_tail;D1-1-1_BM;chr17;71504803;71504803;A;C;Ndc80
D1-1-1;D1-1-1_tail;D1-1-1_BM;chr18;38254491;38254491;C;T;0610009O20Rik
D1-1-1;D1-1-1_tail;D1-1-1_BM;chr18;7129517;7129517;T;A;Armc4
D1-1-1;D1-1-1_tail;D1-1-1_BM;chr19;36057177;36057177;C;A;Htr7
D1-1-1;D1-1-1_tail;D1-1-1_BM;chrX;100573860;100573860;G;A;Awat1
D1-1-1;D1-1-1_tail;D1-1-1_BM;chrX;129972594;129972594;C;T;Diap2
D1-1-1;D1-1-1_tail;D1-1-1_BM;chrX;152209512;152209512;C;T;Iqsec2
D1-1-1;D1-1-1_tail;D1-1-1_BM;chrX;66654019;66654019;G;A;Slitrk2
D1-2-1;D1-2-1_tail;D1-2-1_BM;chr1;43742308;43742308;G;A;1500015O10Rik
D1-2-1;D1-2-1_tail;D1-2-1_BM;chr1;58233915;58233915;G;A;Aox4
D1-2-1;D1-2-1_tail;D1-2-1_BM;chr1;160577443;160577443;T;A;Gpr52
D1-2-1;D1-2-1_tail;D1-2-1_BM;chr2;83879660;83879660;A;G;Fam171b
D1-2-1;D1-2-1_tail;D1-2-1_BM;chr2;41449323;41449323;T;A;Lrp1b
D1-2-1;D1-2-1_tail;D1-2-1_BM;chr2;87753589;87753589;C;T;Olfr1141
D1-2-1;D1-2-1_tail;D1-2-1_BM;chr3;87975556;87975556;A;G;Nes
D1-2-1;D1-2-1_tail;D1-2-1_BM;chr3;102941078;102941078;A;G;Nr1h5
D1-2-1;D1-2-1_tail;D1-2-1_BM;chr3;109827654;109827654;C;T;Ntng1
D1-2-1;D1-2-1_tail;D1-2-1_BM;chr3;129811729;129811729;G;A;Rrh
D1-2-1;D1-2-1_tail;D1-2-1_BM;chr3;5412423;5412423;G;A;Zfhx4
D1-2-1;D1-2-1_tail;D1-2-1_BM;chr4;101814920;101814920;C;T;Lepr
D1-2-1;D1-2-1_tail;D1-2-1_BM;chr4;43101826;43101826;T;A;Unc13b
D1-2-1;D1-2-1_tail;D1-2-1_BM;chr5;101814467;101814467;C;T;Cds1
D1-2-1;D1-2-1_tail;D1-2-1_BM;chr5;4757484;4757484;C;T;Fzd1
D1-2-1;D1-2-1_tail;D1-2-1_BM;chr5;106845458;106845458;C;T;Hfm1
D1-2-1;D1-2-1_tail;D1-2-1_BM;chr5;33668158;33668158;C;T;Tacc3
D1-2-1;D1-2-1_tail;D1-2-1_BM;chr6;142449487;142449487;A;T;Gys2
D1-2-1;D1-2-1_tail;D1-2-1_BM;chr7;108346731;108346732;AT;TA;Olfr493
D1-2-1;D1-2-1_tail;D1-2-1_BM;chr7;103451408;103451408;G;A;Olfr606
D1-2-1;D1-2-1_tail;D1-2-1_BM;chr7;35584548;35584548;C;A;Rgs9bp
D1-2-1;D1-2-1_tail;D1-2-1_BM;chr8;104931069;104931069;T;C;Ces2e
D1-2-1;D1-2-1_tail;D1-2-1_BM;chr8;33572140;33572140;C;T;Tex15
D1-2-1;D1-2-1_tail;D1-2-1_BM;chr9;43279886;43279886;G;A;D630033O11Rik
D1-2-1;D1-2-1_tail;D1-2-1_BM;chr9;3634462;3634462;G;A;Gucy1a2
D1-2-1;D1-2-1_tail;D1-2-1_BM;chr9;38403692;38403692;G;T;Olfr147
D1-2-1;D1-2-1_tail;D1-2-1_BM;chr9;78313067;78313067;G;A;Omt2a
D1-2-1;D1-2-1_tail;D1-2-1_BM;chr9;48832304;48832304;G;A;Zbtb16
D1-2-1;D1-2-1_tail;D1-2-1_BM;chr10;89714952;89714952;G;A;Actr6
D1-2-1;D1-2-1_tail;D1-2-1_BM;chr10;128953950;128953950;C;A;Itga7
D1-2-1;D1-2-1_tail;D1-2-1_BM;chr10;88548796;88548796;G;A;Mybpc1
D1-2-1;D1-2-1_tail;D1-2-1_BM;chr11;85178450;85178450;G;A;1700125H20Rik
D1-2-1;D1-2-1_tail;D1-2-1_BM;chr11;75432578;75432578;C;T;Serpinf2
D1-2-1;D1-2-1_tail;D1-2-1_BM;chr12;3367043;3367043;C;T;Kif3c
D1-2-1;D1-2-1_tail;D1-2-1_BM;chr12;69722113;69722113;A;T;L2hgdh
D1-2-1;D1-2-1_tail;D1-2-1_BM;chr13;92752398;92752398;G;A;Thbs4
D1-2-1;D1-2-1_tail;D1-2-1_BM;chr14;28522675;28522675;C;T;Wnt5a
D1-2-1;D1-2-1_tail;D1-2-1_BM;chr15;20666089;20666089;C;T;Acot10
D1-2-1;D1-2-1_tail;D1-2-1_BM;chr15;98594461;98594461;G;A;Adcy6
D1-2-1;D1-2-1_tail;D1-2-1_BM;chr17;36128961;36128961;C;T;Gm7030
D1-2-1;D1-2-1_tail;D1-2-1_BM;chr17;71504803;71504803;A;C;Ndc80
D1-2-1;D1-2-1_tail;D1-2-1_BM;chr18;38254491;38254491;C;T;0610009O20Rik
D1-2-1;D1-2-1_tail;D1-2-1_BM;chr18;7129517;7129517;T;A;Armc4
D1-2-1;D1-2-1_tail;D1-2-1_BM;chr19;36057177;36057177;C;A;Htr7
D1-2-1;D1-2-1_tail;D1-2-1_BM;chrX;100573860;100573860;G;A;Awat1
D1-2-1;D1-2-1_tail;D1-2-1_BM;chrX;129972594;129972594;C;T;Diap2
D1-2-1;D1-2-1_tail;D1-2-1_BM;chrX;152209512;152209512;C;T;Iqsec2
D1-2-1;D1-2-1_tail;D1-2-1_BM;chrX;66654019;66654019;G;A;Slitrk2
D1-2-2;D1-2-2_tail;D1-2-2_BM;chr1;43742308;43742308;G;A;1500015O10Rik
D1-2-2;D1-2-2_tail;D1-2-2_BM;chr1;58233915;58233915;G;A;Aox4
D1-2-2;D1-2-2_tail;D1-2-2_BM;chr1;160577443;160577443;T;A;Gpr52
D1-2-2;D1-2-2_tail;D1-2-2_BM;chr2;83879660;83879660;A;G;Fam171b
D1-2-2;D1-2-2_tail;D1-2-2_BM;chr2;41449323;41449323;T;A;Lrp1b
D1-2-2;D1-2-2_tail;D1-2-2_BM;chr2;87753589;87753589;C;T;Olfr1141
D1-2-2;D1-2-2_tail;D1-2-2_BM;chr3;87975556;87975556;A;G;Nes
D1-2-2;D1-2-2_tail;D1-2-2_BM;chr3;102941078;102941078;A;G;Nr1h5
D1-2-2;D1-2-2_tail;D1-2-2_BM;chr3;109827654;109827654;C;T;Ntng1
D1-2-2;D1-2-2_tail;D1-2-2_BM;chr3;129811729;129811729;G;A;Rrh
D1-2-2;D1-2-2_tail;D1-2-2_BM;chr3;5412423;5412423;G;A;Zfhx4
D1-2-2;D1-2-2_tail;D1-2-2_BM;chr4;101814920;101814920;C;T;Lepr
D1-2-2;D1-2-2_tail;D1-2-2_BM;chr4;43101826;43101826;T;A;Unc13b
D1-2-2;D1-2-2_tail;D1-2-2_BM;chr5;101814467;101814467;C;T;Cds1
D1-2-2;D1-2-2_tail;D1-2-2_BM;chr5;4757484;4757484;C;T;Fzd1
D1-2-2;D1-2-2_tail;D1-2-2_BM;chr5;106845458;106845458;C;T;Hfm1
D1-2-2;D1-2-2_tail;D1-2-2_BM;chr5;33668158;33668158;C;T;Tacc3
D1-2-2;D1-2-2_tail;D1-2-2_BM;chr6;142449487;142449487;A;T;Gys2
D1-2-2;D1-2-2_tail;D1-2-2_BM;chr7;103451408;103451408;G;A;Olfr606
D1-2-2;D1-2-2_tail;D1-2-2_BM;chr7;35584548;35584548;C;A;Rgs9bp
D1-2-2;D1-2-2_tail;D1-2-2_BM;chr8;104931069;104931069;T;C;Ces2e
D1-2-2;D1-2-2_tail;D1-2-2_BM;chr8;33572140;33572140;C;T;Tex15
D1-2-2;D1-2-2_tail;D1-2-2_BM;chr9;43279886;43279886;G;A;D630033O11Rik
D1-2-2;D1-2-2_tail;D1-2-2_BM;chr9;3634462;3634462;G;A;Gucy1a2
D1-2-2;D1-2-2_tail;D1-2-2_BM;chr9;38403692;38403692;G;T;Olfr147
D1-2-2;D1-2-2_tail;D1-2-2_BM;chr9;78313067;78313067;G;A;Omt2a
D1-2-2;D1-2-2_tail;D1-2-2_BM;chr9;48832304;48832304;G;A;Zbtb16
D1-2-2;D1-2-2_tail;D1-2-2_BM;chr10;89714952;89714952;G;A;Actr6
D1-2-2;D1-2-2_tail;D1-2-2_BM;chr10;128953950;128953950;C;A;Itga7
D1-2-2;D1-2-2_tail;D1-2-2_BM;chr10;88548796;88548796;G;A;Mybpc1
D1-2-2;D1-2-2_tail;D1-2-2_BM;chr11;85178450;85178450;G;A;1700125H20Rik
D1-2-2;D1-2-2_tail;D1-2-2_BM;chr11;75432578;75432578;C;T;Serpinf2
D1-2-2;D1-2-2_tail;D1-2-2_BM;chr12;3367043;3367043;C;T;Kif3c
D1-2-2;D1-2-2_tail;D1-2-2_BM;chr12;69722113;69722113;A;T;L2hgdh
D1-2-2;D1-2-2_tail;D1-2-2_BM;chr13;92752398;92752398;G;A;Thbs4
D1-2-2;D1-2-2_tail;D1-2-2_BM;chr14;28522675;28522675;C;T;Wnt5a
D1-2-2;D1-2-2_tail;D1-2-2_BM;chr15;20666089;20666089;C;T;Acot10
D1-2-2;D1-2-2_tail;D1-2-2_BM;chr15;98594461;98594461;G;A;Adcy6
D1-2-2;D1-2-2_tail;D1-2-2_BM;chr17;71504803;71504803;A;C;Ndc80
D1-2-2;D1-2-2_tail;D1-2-2_BM;chr18;38254491;38254491;C;T;0610009O20Rik
D1-2-2;D1-2-2_tail;D1-2-2_BM;chr18;7129517;7129517;T;A;Armc4
D1-2-2;D1-2-2_tail;D1-2-2_BM;chr19;36057177;36057177;C;A;Htr7
D1-2-2;D1-2-2_tail;D1-2-2_BM;chrX;100573860;100573860;G;A;Awat1
D1-2-2;D1-2-2_tail;D1-2-2_BM;chrX;129972594;129972594;C;T;Diap2
D1-2-2;D1-2-2_tail;D1-2-2_BM;chrX;152209512;152209512;C;T;Iqsec2
D1-2-2;D1-2-2_tail;D1-2-2_BM;chrX;66654019;66654019;G;A;Slitrk2
D1-2-3;D1-2-3_tail;D1-2-3_BM;chr1;43742308;43742308;G;A;1500015O10Rik
D1-2-3;D1-2-3_tail;D1-2-3_BM;chr1;58233915;58233915;G;A;Aox4
D1-2-3;D1-2-3_tail;D1-2-3_BM;chr1;160577443;160577443;T;A;Gpr52
D1-2-3;D1-2-3_tail;D1-2-3_BM;chr2;83879660;83879660;A;G;Fam171b
D1-2-3;D1-2-3_tail;D1-2-3_BM;chr2;41449323;41449323;T;A;Lrp1b
D1-2-3;D1-2-3_tail;D1-2-3_BM;chr2;87753589;87753589;C;T;Olfr1141
D1-2-3;D1-2-3_tail;D1-2-3_BM;chr3;87975556;87975556;A;G;Nes
D1-2-3;D1-2-3_tail;D1-2-3_BM;chr3;102941078;102941078;A;G;Nr1h5
D1-2-3;D1-2-3_tail;D1-2-3_BM;chr3;109827654;109827654;C;T;Ntng1
D1-2-3;D1-2-3_tail;D1-2-3_BM;chr3;129811729;129811729;G;A;Rrh
D1-2-3;D1-2-3_tail;D1-2-3_BM;chr3;5412423;5412423;G;A;Zfhx4
D1-2-3;D1-2-3_tail;D1-2-3_BM;chr4;101814920;101814920;C;T;Lepr
D1-2-3;D1-2-3_tail;D1-2-3_BM;chr4;43101826;43101826;T;A;Unc13b
D1-2-3;D1-2-3_tail;D1-2-3_BM;chr5;101814467;101814467;C;T;Cds1
D1-2-3;D1-2-3_tail;D1-2-3_BM;chr5;4757484;4757484;C;T;Fzd1
D1-2-3;D1-2-3_tail;D1-2-3_BM;chr5;106845458;106845458;C;T;Hfm1
D1-2-3;D1-2-3_tail;D1-2-3_BM;chr5;33668158;33668158;C;T;Tacc3
D1-2-3;D1-2-3_tail;D1-2-3_BM;chr6;142449487;142449487;A;T;Gys2
D1-2-3;D1-2-3_tail;D1-2-3_BM;chr7;103451408;103451408;G;A;Olfr606
D1-2-3;D1-2-3_tail;D1-2-3_BM;chr7;35584548;35584548;C;A;Rgs9bp
D1-2-3;D1-2-3_tail;D1-2-3_BM;chr8;104931069;104931069;T;C;Ces2e
D1-2-3;D1-2-3_tail;D1-2-3_BM;chr8;33572140;33572140;C;T;Tex15
D1-2-3;D1-2-3_tail;D1-2-3_BM;chr9;43279886;43279886;G;A;D630033O11Rik
D1-2-3;D1-2-3_tail;D1-2-3_BM;chr9;3634462;3634462;G;A;Gucy1a2
D1-2-3;D1-2-3_tail;D1-2-3_BM;chr9;38403692;38403692;G;T;Olfr147
D1-2-3;D1-2-3_tail;D1-2-3_BM;chr9;78313067;78313067;G;A;Omt2a
D1-2-3;D1-2-3_tail;D1-2-3_BM;chr9;48832304;48832304;G;A;Zbtb16
D1-2-3;D1-2-3_tail;D1-2-3_BM;chr10;89714952;89714952;G;A;Actr6
D1-2-3;D1-2-3_tail;D1-2-3_BM;chr10;128953950;128953950;C;A;Itga7
D1-2-3;D1-2-3_tail;D1-2-3_BM;chr10;88548796;88548796;G;A;Mybpc1
D1-2-3;D1-2-3_tail;D1-2-3_BM;chr11;85178450;85178450;G;A;1700125H20Rik
D1-2-3;D1-2-3_tail;D1-2-3_BM;chr11;75432578;75432578;C;T;Serpinf2
D1-2-3;D1-2-3_tail;D1-2-3_BM;chr12;3367043;3367043;C;T;Kif3c
D1-2-3;D1-2-3_tail;D1-2-3_BM;chr12;69722113;69722113;A;T;L2hgdh
D1-2-3;D1-2-3_tail;D1-2-3_BM;chr13;92752398;92752398;G;A;Thbs4
D1-2-3;D1-2-3_tail;D1-2-3_BM;chr14;28522675;28522675;C;T;Wnt5a
D1-2-3;D1-2-3_tail;D1-2-3_BM;chr15;20666089;20666089;C;T;Acot10
D1-2-3;D1-2-3_tail;D1-2-3_BM;chr15;98594461;98594461;G;A;Adcy6
D1-2-3;D1-2-3_tail;D1-2-3_BM;chr17;36128961;36128961;C;T;Gm7030
D1-2-3;D1-2-3_tail;D1-2-3_BM;chr17;71504803;71504803;A;C;Ndc80
D1-2-3;D1-2-3_tail;D1-2-3_BM;chr18;38254491;38254491;C;T;0610009O20Rik
D1-2-3;D1-2-3_tail;D1-2-3_BM;chr18;7129517;7129517;T;A;Armc4
D1-2-3;D1-2-3_tail;D1-2-3_BM;chr19;36057177;36057177;C;A;Htr7
D1-2-3;D1-2-3_tail;D1-2-3_BM;chrX;100573860;100573860;G;A;Awat1
D1-2-3;D1-2-3_tail;D1-2-3_BM;chrX;129972594;129972594;C;T;Diap2
D1-2-3;D1-2-3_tail;D1-2-3_BM;chrX;152209512;152209512;C;T;Iqsec2
D1-2-3;D1-2-3_tail;D1-2-3_BM;chrX;66654019;66654019;G;A;Slitrk2
D2-1-1;D2-1-1_tail;D2-1-1_BM;chr1;135968785;135968785;C;T;Igfn1
D2-1-1;D2-1-1_tail;D2-1-1_BM;chr1;133329529;133329529;C;T;Kiss1
D2-1-1;D2-1-1_tail;D2-1-1_BM;chr1;157175868;157175868;T;G;Rasal2
D2-1-1;D2-1-1_tail;D2-1-1_BM;chr1;131977494;131977494;G;A;Slc45a3
D2-1-1;D2-1-1_tail;D2-1-1_BM;chr1;75532637;75532637;C;A;Stk11ip
D2-1-1;D2-1-1_tail;D2-1-1_BM;chr2;154368820;154368820;G;A;Cdk5rap1
D2-1-1;D2-1-1_tail;D2-1-1_BM;chr2;153622686;153622686;G;A;Commd7
D2-1-1;D2-1-1_tail;D2-1-1_BM;chr2;165292083;165292083;G;A;Elmo2
D2-1-1;D2-1-1_tail;D2-1-1_BM;chr2;167983186;167983186;C;T;Fam65c
D2-1-1;D2-1-1_tail;D2-1-1_BM;chr2;132915191;132915191;C;T;Fermt1
D2-1-1;D2-1-1_tail;D2-1-1_BM;chr2;71841706;71841706;C;T;Itga6
D2-1-1;D2-1-1_tail;D2-1-1_BM;chr2;155622647;155622647;G;A;Myh7b
D2-1-1;D2-1-1_tail;D2-1-1_BM;chr2;86988709;86988709;G;A;Olfr1101
D2-1-1;D2-1-1_tail;D2-1-1_BM;chr2;153865380;153865380;C;T;Sun5
D2-1-1;D2-1-1_tail;D2-1-1_BM;chr2;26916799;26916799;C;T;Surf2
D2-1-1;D2-1-1_tail;D2-1-1_BM;chr2;21213075;21213075;G;A;Thnsl1
D2-1-1;D2-1-1_tail;D2-1-1_BM;chr3;89033297;89033297;C;T;Ash1l
D2-1-1;D2-1-1_tail;D2-1-1_BM;chr3;84474415;84474415;G;A;Fhdc1
D2-1-1;D2-1-1_tail;D2-1-1_BM;chr3;107105483;107105483;A;G;Kcna2
D2-1-1;D2-1-1_tail;D2-1-1_BM;chr3;36671189;36671189;C;T;Trpc3
D2-1-1;D2-1-1_tail;D2-1-1_BM;chr3;152368254;152368254;C;T;Usp33
D2-1-1;D2-1-1_tail;D2-1-1_BM;chr4;41499553;41499553;G;T;AI464131
D2-1-1;D2-1-1_tail;D2-1-1_BM;chr4;141308592;141308592;C;T;Epha2
D2-1-1;D2-1-1_tail;D2-1-1_BM;chr4;130718248;130718248;C;T;Pum1
D2-1-1;D2-1-1_tail;D2-1-1_BM;chr4;129080462;129080462;C;T;Rnf19b
D2-1-1;D2-1-1_tail;D2-1-1_BM;chr4;129294260;129294260;G;A;Sync
D2-1-1;D2-1-1_tail;D2-1-1_BM;chr4;120931266;120931266;G;A;Zfp69
D2-1-1;D2-1-1_tail;D2-1-1_BM;chr5;92941071;92941071;C;T;Shroom3
D2-1-1;D2-1-1_tail;D2-1-1_BM;chr5;137463449;137463449;G;C;Zan
D2-1-1;D2-1-1_tail;D2-1-1_BM;chr6;146952391;146952391;C;T;1700034J05Rik
D2-1-1;D2-1-1_tail;D2-1-1_BM;chr6;125463701;125463701;T;A;Cd9
D2-1-1;D2-1-1_tail;D2-1-1_BM;chr6;136043944;136043944;G;A;Grin2b
D2-1-1;D2-1-1_tail;D2-1-1_BM;chr6;141817717;141817717;C;T;Slco1a4
D2-1-1;D2-1-1_tail;D2-1-1_BM;chr6;108144689;108144689;G;A;Sumf1
D2-1-1;D2-1-1_tail;D2-1-1_BM;chr7;126582813;126582813;G;A;Cln3
D2-1-1;D2-1-1_tail;D2-1-1_BM;chr7;119916240;119916240;C;A;Lyrm1
D2-1-1;D2-1-1_tail;D2-1-1_BM;chr7;141866900;141866900;G;T;Muc5b
D2-1-1;D2-1-1_tail;D2-1-1_BM;chr7;45054552;45054552;C;T;Prrg2
D2-1-1;D2-1-1_tail;D2-1-1_BM;chr8;95242266;95242266;G;A;Cngb1
D2-1-1;D2-1-1_tail;D2-1-1_BM;chr8;27199371;27199371;G;A;Got1l1
D2-1-1;D2-1-1_tail;D2-1-1_BM;chr9;49419478;49419478;C;T;Ankk1
D2-1-1;D2-1-1_tail;D2-1-1_BM;chr9;46242403;46242403;G;A;Apoa4
D2-1-1;D2-1-1_tail;D2-1-1_BM;chr9;45854694;45854694;G;A;Bace1
D2-1-1;D2-1-1_tail;D2-1-1_BM;chr9;108190201;108190201;C;T;Bsn
D2-1-1;D2-1-1_tail;D2-1-1_BM;chr9;108829695;108829695;C;T;Celsr3
D2-1-1;D2-1-1_tail;D2-1-1_BM;chr9;58199740;58199740;G;A;Islr2
D2-1-1;D2-1-1_tail;D2-1-1_BM;chr9;66970932;66970932;G;A;Lactb
D2-1-1;D2-1-1_tail;D2-1-1_BM;chr9;7447297;7447297;G;T;Mmp3
D2-1-1;D2-1-1_tail;D2-1-1_BM;chr9;38855552;38855552;G;A;Olfr26
D2-1-1;D2-1-1_tail;D2-1-1_BM;chr9;110861292;110861292;C;A;Prss50
D2-1-1;D2-1-1_tail;D2-1-1_BM;chr9;107752115;107752115;G;A;Rbm5
D2-1-1;D2-1-1_tail;D2-1-1_BM;chr9;44683054;44683054;G;A;Treh
D2-1-1;D2-1-1_tail;D2-1-1_BM;chr10;80341782;80341782;G;A;Adamtsl5
D2-1-1;D2-1-1_tail;D2-1-1_BM;chr10;127193169;127193169;G;A;Dtx3
D2-1-1;D2-1-1_tail;D2-1-1_BM;chr10;127370372;127370372;G;A;Inhbc
D2-1-1;D2-1-1_tail;D2-1-1_BM;chr10;7801956;7801956;G;T;Ppil4
D2-1-1;D2-1-1_tail;D2-1-1_BM;chr10;89776005;89776005;C;T;Uhrf1bp1l
D2-1-1;D2-1-1_tail;D2-1-1_BM;chr11;5130674;5130674;G;A;Emid1
D2-1-1;D2-1-1_tail;D2-1-1_BM;chr11;97334964;97334964;G;A;Gpr179
D2-1-1;D2-1-1_tail;D2-1-1_BM;chr11;100145811;100145811;C;T;Krt19
D2-1-1;D2-1-1_tail;D2-1-1_BM;chr11;86286608;86286608;G;A;Med13
D2-1-1;D2-1-1_tail;D2-1-1_BM;chr11;78015583;78015583;A;T;Phf12
D2-1-1;D2-1-1_tail;D2-1-1_BM;chr11;20314058;20314058;C;T;Slc1a4
D2-1-1;D2-1-1_tail;D2-1-1_BM;chr12;80759527;80759527;C;T;Ccdc177
D2-1-1;D2-1-1_tail;D2-1-1_BM;chr12;104101802;104101802;C;T;Serpina5
D2-1-1;D2-1-1_tail;D2-1-1_BM;chr12;75899152;75899152;A;T;Syne2
D2-1-1;D2-1-1_tail;D2-1-1_BM;chr13;61353808;61353809;AT;TA;Cts7
D2-1-1;D2-1-1_tail;D2-1-1_BM;chr13;112626334;112626334;G;T;Ddx4
D2-1-1;D2-1-1_tail;D2-1-1_BM;chr13;21468185;21468185;G;T;Nkapl
D2-1-1;D2-1-1_tail;D2-1-1_BM;chr14;35569565;35569565;C;T;Grid1
D2-1-1;D2-1-1_tail;D2-1-1_BM;chr14;50892697;50892697;-;G;Klhl33
D2-1-1;D2-1-1_tail;D2-1-1_BM;chr14;50361709;50361709;G;A;Tlr11
D2-1-1;D2-1-1_tail;D2-1-1_BM;chr15;39842076;39842076;G;A;Dpys
D2-1-1;D2-1-1_tail;D2-1-1_BM;chr15;85821661;85821661;G;T;Pkdrej
D2-1-1;D2-1-1_tail;D2-1-1_BM;chr16;8600949;8600950;CC;TT;Abat
D2-1-1;D2-1-1_tail;D2-1-1_BM;chr16;90951887;90951887;G;A;Synj1
D2-1-1;D2-1-1_tail;D2-1-1_BM;chr17;35637937;35637937;C;T;Dpcr1
D2-1-1;D2-1-1_tail;D2-1-1_BM;chr17;56394823;56394823;C;T;Kdm4b
D2-1-1;D2-1-1_tail;D2-1-1_BM;chr17;14955115;14955115;T;A;Phf10
D2-1-1;D2-1-1_tail;D2-1-1_BM;chr18;61220938;61220938;C;T;Pde6a
D2-1-1;D2-1-1_tail;D2-1-1_BM;chr19;47648228;47648228;C;T;Col17a1
D2-1-1;D2-1-1_tail;D2-1-1_BM;chr19;44532612;44532612;C;T;Sec31b
D2-1-1;D2-1-1_tail;D2-1-1_BM;chrX;112243346;112243346;G;T;4933403O08Rik
D2-1-1;D2-1-1_tail;D2-1-1_BM;chrX;20517159;20517159;C;T;Phf16
D2-1-1;D2-1-1_tail;D2-1-1_BM;chrX;150398538;150398538;G;A;Tmem29
E1-1-1;E1-1-1_tail;E1-1-1_BM;chr15;35073217;35073217;G;A;Stk3
E1-1-1;E1-1-1_tail;E1-1-1_BM;chrX;96160175;96160175;C;T;Msn
E1-1-1;E1-1-1_tail;E1-1-1_BM;chrX;162784385;162784385;T;G;Txlng
E1-2-1;E1-2-1_tail;E1-2-1_BM;chr14;73322031;73322031;C;T;Rb1
E1-2-1;E1-2-1_tail;E1-2-1_BM;chrX;96160175;96160175;C;T;Msn
E1-2-1;E1-2-1_tail;E1-2-1_BM;chrX;162784385;162784385;T;G;Txlng
E1-2-2;E1-2-2_tail;E1-2-2_BM;chr15;35073217;35073217;G;A;Stk3
E1-2-2;E1-2-2_tail;E1-2-2_BM;chrX;96160175;96160175;C;T;Msn
E1-2-2;E1-2-2_tail;E1-2-2_BM;chrX;162784385;162784385;T;G;Txlng
B1-4-5;B1-4-5_tail;B1-4-5_BM;chr1;34278049;34278050;A;T;Dst
A2-2-1;A2-2-1_tail;A2-2-1_BM;chr1;59847167;59847168;G;A;Bmpr2
A2-2-2;A2-2-2_tail;A2-2-2_BM;chr1;59847167;59847168;G;A;Bmpr2
C1-2-1;C1-2-1_tail;C1-2-1_BM;chr1;59847167;59847168;G;A;Bmpr2
C1-2-2;C1-2-2_tail;C1-2-2_BM;chr1;59847167;59847168;G;A;Bmpr2
C2-2-1;C2-2-1_tail;C2-2-1_BM;chr1;59847167;59847168;G;A;Bmpr2
C2-2-2;C2-2-2_tail;C2-2-2_BM;chr1;59847167;59847168;G;A;Bmpr2
D1-1-1;D1-1-1_tail;D1-1-1_BM;chr1;74377215;74377216;C;T;Slc11a1
D1-2-1;D1-2-1_tail;D1-2-1_BM;chr1;74377215;74377216;C;T;Slc11a1
D1-2-2;D1-2-2_tail;D1-2-2_BM;chr1;74377215;74377216;C;T;Slc11a1
D1-2-3;D1-2-3_tail;D1-2-3_BM;chr1;74377215;74377216;C;T;Slc11a1
D2-1-1;D2-1-1_tail;D2-1-1_BM;chr1;74377215;74377216;C;T;Slc11a1
B1-4-13;B1-4-13_tail;B1-4-13_BM;chr1;135265397;135265398;A;C;Rnpep
B1-4-13;B1-4-13_tail;B1-4-13_BM;chr1;183428073;183428074;G;A;Hhipl2
A2-2-2;A2-2-2_tail;A2-2-2_BM;chr10;42533259;42533260;A;T;Snx3
B1-4-1;B1-4-1_tail;B1-4-1_BM;chr10;42533259;42533260;A;T;Snx3
C2-2-1;C2-2-1_tail;C2-2-1_BM;chr10;42533259;42533260;A;T;Snx3
B1-4-5;B1-4-5_tail;B1-4-5_BM;chr10;42934962;42934963;C;G;Scml4
A2-2-1;A2-2-1_tail;A2-2-1_BM;chr10;67238174;67238175;T;C;Jmjd1c
A2-2-2;A2-2-2_tail;A2-2-2_BM;chr10;67238174;67238175;T;C;Jmjd1c
C1-2-1;C1-2-1_tail;C1-2-1_BM;chr10;67238174;67238175;T;C;Jmjd1c
C1-2-2;C1-2-2_tail;C1-2-2_BM;chr10;67238174;67238175;T;C;Jmjd1c
C2-2-1;C2-2-1_tail;C2-2-1_BM;chr10;67238174;67238175;T;C;Jmjd1c
C2-2-2;C2-2-2_tail;C2-2-2_BM;chr10;67238174;67238175;T;C;Jmjd1c
A2-2-1;A2-2-1_tail;A2-2-1_BM;chr10;79169477;79169478;A;G;Vmn2r80
A2-2-2;A2-2-2_tail;A2-2-2_BM;chr10;79169477;79169478;A;G;Vmn2r80
C1-2-1;C1-2-1_tail;C1-2-1_BM;chr10;79169477;79169478;A;G;Vmn2r80
C1-2-2;C1-2-2_tail;C1-2-2_BM;chr10;79169477;79169478;A;G;Vmn2r80
C2-2-1;C2-2-1_tail;C2-2-1_BM;chr10;79169477;79169478;A;G;Vmn2r80
C2-2-2;C2-2-2_tail;C2-2-2_BM;chr10;79169477;79169478;A;G;Vmn2r80
A2-2-1;A2-2-1_tail;A2-2-1_BM;chr11;46222615;46222616;G;A;Cyfip2
A2-2-2;A2-2-2_tail;A2-2-2_BM;chr11;46222615;46222616;G;A;Cyfip2
C1-2-1;C1-2-1_tail;C1-2-1_BM;chr11;46222615;46222616;G;A;Cyfip2
C1-2-2;C1-2-2_tail;C1-2-2_BM;chr11;46222615;46222616;G;A;Cyfip2
C2-2-1;C2-2-1_tail;C2-2-1_BM;chr11;46222615;46222616;G;A;Cyfip2
C2-2-2;C2-2-2_tail;C2-2-2_BM;chr11;46222615;46222616;G;A;Cyfip2
D1-1-1;D1-1-1_tail;D1-1-1_BM;chr11;58502555;58502556;C;T;Olfr331
D1-2-1;D1-2-1_tail;D1-2-1_BM;chr11;58502555;58502556;C;T;Olfr331
D1-2-2;D1-2-2_tail;D1-2-2_BM;chr11;58502555;58502556;C;T;Olfr331
D1-2-3;D1-2-3_tail;D1-2-3_BM;chr11;58502555;58502556;C;T;Olfr331
A1-3-1;A1-3-1_tail;A1-3-1_BM;chr11;73847216;73847217;C;T;Olfr393
A1-4-1;A1-4-1_tail;A1-4-1_BM;chr11;73847216;73847217;C;T;Olfr393
D1-2-1;D1-2-1_tail;D1-2-1_BM;chr11;89422776;89422777;C;T;Ankfn1
D1-2-2;D1-2-2_tail;D1-2-2_BM;chr11;89422776;89422777;C;T;Ankfn1
D1-2-3;D1-2-3_tail;D1-2-3_BM;chr11;89422776;89422777;C;T;Ankfn1
A2-2-1;A2-2-1_tail;A2-2-1_BM;chr11;90480671;90480672;C;T;Stxbp4
A2-2-2;A2-2-2_tail;A2-2-2_BM;chr11;90480671;90480672;C;T;Stxbp4
C1-2-1;C1-2-1_tail;C1-2-1_BM;chr11;90480671;90480672;C;T;Stxbp4
C1-2-2;C1-2-2_tail;C1-2-2_BM;chr11;90480671;90480672;C;T;Stxbp4
C2-2-1;C2-2-1_tail;C2-2-1_BM;chr11;90480671;90480672;C;T;Stxbp4
C2-2-2;C2-2-2_tail;C2-2-2_BM;chr11;90480671;90480672;C;T;Stxbp4
B1-3-5;B1-3-5_tail;B1-3-5_BM;chr12;73941721;73941722;T;G;Hif1a
A2-2-1;A2-2-1_tail;A2-2-1_BM;chr13;21468303;21468304;C;G;Nkapl
A2-2-2;A2-2-2_tail;A2-2-2_BM;chr13;21468303;21468304;C;G;Nkapl
C1-2-1;C1-2-1_tail;C1-2-1_BM;chr13;21468303;21468304;C;G;Nkapl
C1-2-2;C1-2-2_tail;C1-2-2_BM;chr13;21468303;21468304;C;G;Nkapl
C2-2-1;C2-2-1_tail;C2-2-1_BM;chr13;21468303;21468304;C;G;Nkapl
C2-2-2;C2-2-2_tail;C2-2-2_BM;chr13;21468303;21468304;C;G;Nkapl
D2-1-1;D2-1-1_tail;D2-1-1_BM;chr13;61353809;61353810;T;A;Cts7
A2-2-1;A2-2-1_tail;A2-2-1_BM;chr13;64921972;64921973;C;T;Spata31
A2-2-2;A2-2-2_tail;A2-2-2_BM;chr13;64921972;64921973;C;T;Spata31
C1-2-1;C1-2-1_tail;C1-2-1_BM;chr13;64921972;64921973;C;T;Spata31
C1-2-2;C1-2-2_tail;C1-2-2_BM;chr13;64921972;64921973;C;T;Spata31
C2-2-1;C2-2-1_tail;C2-2-1_BM;chr13;64921972;64921973;C;T;Spata31
C2-2-2;C2-2-2_tail;C2-2-2_BM;chr13;64921972;64921973;C;T;Spata31
A2-2-1;A2-2-1_tail;A2-2-1_BM;chr13;73328436;73328437;A;G;Ndufs6
A2-2-2;A2-2-2_tail;A2-2-2_BM;chr13;73328436;73328437;A;G;Ndufs6
C1-2-1;C1-2-1_tail;C1-2-1_BM;chr13;73328436;73328437;A;G;Ndufs6
C1-2-2;C1-2-2_tail;C1-2-2_BM;chr13;73328436;73328437;A;G;Ndufs6
C2-2-1;C2-2-1_tail;C2-2-1_BM;chr13;73328436;73328437;A;G;Ndufs6
C2-2-2;C2-2-2_tail;C2-2-2_BM;chr13;73328436;73328437;A;G;Ndufs6
A2-2-1;A2-2-1_tail;A2-2-1_BM;chr13;93063579;93063580;C;G;Cmya5
A2-2-2;A2-2-2_tail;A2-2-2_BM;chr13;93063579;93063580;C;G;Cmya5
C1-2-1;C1-2-1_tail;C1-2-1_BM;chr13;93063579;93063580;C;G;Cmya5
C1-2-2;C1-2-2_tail;C1-2-2_BM;chr13;93063579;93063580;C;G;Cmya5
C2-2-1;C2-2-1_tail;C2-2-1_BM;chr13;93063579;93063580;C;G;Cmya5
C2-2-2;C2-2-2_tail;C2-2-2_BM;chr13;93063579;93063580;C;G;Cmya5
A2-2-1;A2-2-1_tail;A2-2-1_BM;chr13;119477808;119477809;C;A;4833420G17Rik
A2-2-2;A2-2-2_tail;A2-2-2_BM;chr13;119477808;119477809;C;A;4833420G17Rik
C1-2-1;C1-2-1_tail;C1-2-1_BM;chr13;119477808;119477809;C;A;4833420G17Rik
C1-2-2;C1-2-2_tail;C1-2-2_BM;chr13;119477808;119477809;C;A;4833420G17Rik
C2-2-1;C2-2-1_tail;C2-2-1_BM;chr13;119477808;119477809;C;A;4833420G17Rik
A1-4-1;A1-4-1_tail;A1-4-1_BM;chr14;49774037;49774038;G;C;3632451O06Rik
A1-4-3;A1-4-3_tail;A1-4-3_BM;chr14;70440016;70440017;G;A;Polr3d
A2-2-1;A2-2-1_tail;A2-2-1_BM;chr14;70586204;70586205;G;T;Fam160b2
A2-2-2;A2-2-2_tail;A2-2-2_BM;chr14;70586204;70586205;G;T;Fam160b2
C1-2-1;C1-2-1_tail;C1-2-1_BM;chr14;70586204;70586205;G;T;Fam160b2
C1-2-2;C1-2-2_tail;C1-2-2_BM;chr14;70586204;70586205;G;T;Fam160b2
C2-2-1;C2-2-1_tail;C2-2-1_BM;chr14;70586204;70586205;G;T;Fam160b2
C2-2-2;C2-2-2_tail;C2-2-2_BM;chr14;70586204;70586205;G;T;Fam160b2
B1-4-5;B1-4-5_tail;B1-4-5_BM;chr14;102981774;102981775;C;T;Kctd12
A2-2-1;A2-2-1_tail;A2-2-1_BM;chr15;11336383;11336384;G;T;Adamts12
A2-2-2;A2-2-2_tail;A2-2-2_BM;chr15;11336383;11336384;G;T;Adamts12
C1-2-1;C1-2-1_tail;C1-2-1_BM;chr15;11336383;11336384;G;T;Adamts12
C1-2-2;C1-2-2_tail;C1-2-2_BM;chr15;11336383;11336384;G;T;Adamts12
C2-2-1;C2-2-1_tail;C2-2-1_BM;chr15;11336383;11336384;G;T;Adamts12
C2-2-2;C2-2-2_tail;C2-2-2_BM;chr15;11336383;11336384;G;T;Adamts12
B1-1-1;B1-1-1_tail;B1-1-1_BM;chr15;32550412;32550413;G;A;Sema5a
B1-2-1;B1-2-1_tail;B1-2-1_BM;chr15;32550412;32550413;G;A;Sema5a
B1-2-2;B1-2-2_tail;B1-2-2_BM;chr15;32550412;32550413;G;A;Sema5a
B1-2-3;B1-2-3_tail;B1-2-3_BM;chr15;32550412;32550413;G;A;Sema5a
B1-3-1;B1-3-1_tail;B1-3-1_BM;chr15;32550412;32550413;G;A;Sema5a
B1-3-2;B1-3-2_tail;B1-3-2_BM;chr15;32550412;32550413;G;A;Sema5a
B1-3-4;B1-3-4_tail;B1-3-4_BM;chr15;32550412;32550413;G;A;Sema5a
B1-3-5;B1-3-5_tail;B1-3-5_BM;chr15;32550412;32550413;G;A;Sema5a
B1-4-1;B1-4-1_tail;B1-4-1_BM;chr15;32550412;32550413;G;A;Sema5a
B1-4-10;B1-4-10_tail;B1-4-10_BM;chr15;32550412;32550413;G;A;Sema5a
B1-4-13;B1-4-13_tail;B1-4-13_BM;chr15;32550412;32550413;G;A;Sema5a
B1-4-5;B1-4-5_tail;B1-4-5_BM;chr15;32550412;32550413;G;A;Sema5a
B1-4-9;B1-4-9_tail;B1-4-9_BM;chr15;32550412;32550413;G;A;Sema5a
A2-2-1;A2-2-1_tail;A2-2-1_BM;chr15;77638007;77638008;A;C;Apol11b
A2-2-2;A2-2-2_tail;A2-2-2_BM;chr15;77638007;77638008;A;C;Apol11b
C1-2-1;C1-2-1_tail;C1-2-1_BM;chr15;77638007;77638008;A;C;Apol11b
C1-2-2;C1-2-2_tail;C1-2-2_BM;chr15;77638007;77638008;A;C;Apol11b
C2-2-1;C2-2-1_tail;C2-2-1_BM;chr15;77638007;77638008;A;C;Apol11b
C2-2-2;C2-2-2_tail;C2-2-2_BM;chr15;77638007;77638008;A;C;Apol11b
B1-4-9;B1-4-9_tail;B1-4-9_BM;chr15;78292854;78292855;G;A;Csf2rb2
B1-3-2;B1-3-2_tail;B1-3-2_BM;chr15;97013447;97013448;T;A;Slc38a4
D2-1-1;D2-1-1_tail;D2-1-1_BM;chr15;98741360;98741361;G;A;Arf3
D2-1-1;D2-1-1_tail;D2-1-1_BM;chr16;8600950;8600951;C;T;Abat
A1-4-3;A1-4-3_tail;A1-4-3_BM;chr16;16673840;16673841;A;T;Olfr19
A2-2-1;A2-2-1_tail;A2-2-1_BM;chr16;35291544;35291545;G;A;Adcy5
A2-2-2;A2-2-2_tail;A2-2-2_BM;chr16;35291544;35291545;G;A;Adcy5
C1-2-1;C1-2-1_tail;C1-2-1_BM;chr16;35291544;35291545;G;A;Adcy5
C1-2-2;C1-2-2_tail;C1-2-2_BM;chr16;35291544;35291545;G;A;Adcy5
C2-2-1;C2-2-1_tail;C2-2-1_BM;chr16;35291544;35291545;G;A;Adcy5
C2-2-2;C2-2-2_tail;C2-2-2_BM;chr16;35291544;35291545;G;A;Adcy5
D1-1-1;D1-1-1_tail;D1-1-1_BM;chr16;57571710;57571711;C;G;Filip1l
D1-2-1;D1-2-1_tail;D1-2-1_BM;chr16;57571710;57571711;C;G;Filip1l
D1-2-2;D1-2-2_tail;D1-2-2_BM;chr16;57571710;57571711;C;G;Filip1l
D1-2-3;D1-2-3_tail;D1-2-3_BM;chr16;57571710;57571711;C;G;Filip1l
D2-1-1;D2-1-1_tail;D2-1-1_BM;chr16;57571710;57571711;C;G;Filip1l
A1-3-1;A1-3-1_tail;A1-3-1_BM;chr16;79087510;79087511;C;T;Tmprss15
A1-3-2;A1-3-2_tail;A1-3-2_BM;chr16;79087510;79087511;C;T;Tmprss15
B1-1-1;B1-1-1_tail;B1-1-1_BM;chr17;7277514;7277515;C;T;Rps6ka2
B1-2-1;B1-2-1_tail;B1-2-1_BM;chr17;7277514;7277515;C;T;Rps6ka2
B1-2-2;B1-2-2_tail;B1-2-2_BM;chr17;7277514;7277515;C;T;Rps6ka2
B1-3-1;B1-3-1_tail;B1-3-1_BM;chr17;7277514;7277515;C;T;Rps6ka2
B1-3-2;B1-3-2_tail;B1-3-2_BM;chr17;7277514;7277515;C;T;Rps6ka2
B1-3-4;B1-3-4_tail;B1-3-4_BM;chr17;7277514;7277515;C;T;Rps6ka2
B1-3-5;B1-3-5_tail;B1-3-5_BM;chr17;7277514;7277515;C;T;Rps6ka2
B1-4-1;B1-4-1_tail;B1-4-1_BM;chr17;7277514;7277515;C;T;Rps6ka2
B1-4-10;B1-4-10_tail;B1-4-10_BM;chr17;7277514;7277515;C;T;Rps6ka2
B1-4-13;B1-4-13_tail;B1-4-13_BM;chr17;7277514;7277515;C;T;Rps6ka2
B1-4-5;B1-4-5_tail;B1-4-5_BM;chr17;7277514;7277515;C;T;Rps6ka2
B1-4-9;B1-4-9_tail;B1-4-9_BM;chr17;7277514;7277515;C;T;Rps6ka2
C1-1-1;C1-1-1_tail;C1-1-1_BM;chr17;7277514;7277515;C;T;Rps6ka2
C1-2-1;C1-2-1_tail;C1-2-1_BM;chr17;7277514;7277515;C;T;Rps6ka2
C1-2-2;C1-2-2_tail;C1-2-2_BM;chr17;7277514;7277515;C;T;Rps6ka2
C2-2-1;C2-2-1_tail;C2-2-1_BM;chr17;7277514;7277515;C;T;Rps6ka2
C2-2-2;C2-2-2_tail;C2-2-2_BM;chr17;7277514;7277515;C;T;Rps6ka2
E1-2-2;E1-2-2_tail;E1-2-2_BM;chr17;7277514;7277515;C;T;Rps6ka2
B1-4-13;B1-4-13_tail;B1-4-13_BM;chr17;20688126;20688127;C;T;Vmn1r226
A2-2-1;A2-2-1_tail;A2-2-1_BM;chr17;23762499;23762500;C;A;Flywch1
A2-2-2;A2-2-2_tail;A2-2-2_BM;chr17;23762499;23762500;C;A;Flywch1
C1-2-1;C1-2-1_tail;C1-2-1_BM;chr17;23762499;23762500;C;A;Flywch1
C1-2-2;C1-2-2_tail;C1-2-2_BM;chr17;23762499;23762500;C;A;Flywch1
C2-2-1;C2-2-1_tail;C2-2-1_BM;chr17;23762499;23762500;C;A;Flywch1
C2-2-2;C2-2-2_tail;C2-2-2_BM;chr17;23762499;23762500;C;A;Flywch1
B1-4-1;B1-4-1_tail;B1-4-1_BM;chr17;25105757;25105758;G;A;Telo2
D2-1-1;D2-1-1_tail;D2-1-1_BM;chr17;28638283;28638284;G;A;Slc26a8
B1-4-1;B1-4-1_tail;B1-4-1_BM;chr17;34815431;34815432;G;T;C4a
D1-2-2;D1-2-2_tail;D1-2-2_BM;chr17;36128961;36128962;C;T;Gm7030
A2-2-1;A2-2-1_tail;A2-2-1_BM;chr17;47400410;47400411;T;C;Guca1a
A2-2-2;A2-2-2_tail;A2-2-2_BM;chr17;47400410;47400411;T;C;Guca1a
C1-2-1;C1-2-1_tail;C1-2-1_BM;chr17;47400410;47400411;T;C;Guca1a
C1-2-2;C1-2-2_tail;C1-2-2_BM;chr17;47400410;47400411;T;C;Guca1a
E1-1-1;E1-1-1_tail;E1-1-1_BM;chr17;79895917;79895918;G;A;Atl2
E1-2-1;E1-2-1_tail;E1-2-1_BM;chr17;79895917;79895918;G;A;Atl2
E1-2-2;E1-2-2_tail;E1-2-2_BM;chr17;79895917;79895918;G;A;Atl2
E1-1-1;E1-1-1_tail;E1-1-1_BM;chr18;24254621;24254622;A;C;Galnt1
A1-3-1;A1-3-1_tail;A1-3-1_BM;chr18;61849326;61849327;C;T;Ablim3
B1-3-5;B1-3-5_tail;B1-3-5_BM;chr19;58733459;58733460;T;G;Pnliprp1
B1-2-1;B1-2-1_tail;B1-2-1_BM;chr2;67508126;67508127;T;G;Xirp2
B1-2-3;B1-2-3_tail;B1-2-3_BM;chr2;67508126;67508127;T;G;Xirp2
B1-3-2;B1-3-2_tail;B1-3-2_BM;chr2;67508126;67508127;T;G;Xirp2
B1-3-5;B1-3-5_tail;B1-3-5_BM;chr2;67508126;67508127;T;G;Xirp2
B1-4-1;B1-4-1_tail;B1-4-1_BM;chr2;67508126;67508127;T;G;Xirp2
C1-1-1;C1-1-1_tail;C1-1-1_BM;chr2;67508126;67508127;T;G;Xirp2
C1-2-1;C1-2-1_tail;C1-2-1_BM;chr2;67508126;67508127;T;G;Xirp2
C1-2-2;C1-2-2_tail;C1-2-2_BM;chr2;67508126;67508127;T;G;Xirp2
C2-2-1;C2-2-1_tail;C2-2-1_BM;chr2;67508126;67508127;T;G;Xirp2
C2-2-2;C2-2-2_tail;C2-2-2_BM;chr2;67508126;67508127;T;G;Xirp2
B1-4-13;B1-4-13_tail;B1-4-13_BM;chr2;74705975;74705976;A;T;Hoxd8
A1-4-3;A1-4-3_tail;A1-4-3_BM;chr2;77023505;77023506;T;G;Ccdc141
C1-2-1;C1-2-1_tail;C1-2-1_BM;chr2;85502198;85502199;G;A;4833423E24Rik
A1-3-5;A1-3-5_tail;A1-3-5_BM;chr2;87418099;87418100;C;T;Olfr1123
A2-2-1;A2-2-1_tail;A2-2-1_BM;chr2;120320743;120320744;C;A;Vps39
A2-2-2;A2-2-2_tail;A2-2-2_BM;chr2;120320743;120320744;C;A;Vps39
C1-2-1;C1-2-1_tail;C1-2-1_BM;chr2;120320743;120320744;C;A;Vps39
C1-2-2;C1-2-2_tail;C1-2-2_BM;chr2;120320743;120320744;C;A;Vps39
C2-2-1;C2-2-1_tail;C2-2-1_BM;chr2;120320743;120320744;C;A;Vps39
C2-2-2;C2-2-2_tail;C2-2-2_BM;chr2;120320743;120320744;C;A;Vps39
A1-1-1;A1-1-1_tail;A1-1-1_BM;chr2;121370826;121370827;C;T;Strc
A1-2-1;A1-2-1_tail;A1-2-1_BM;chr2;121370826;121370827;C;T;Strc
A1-2-3;A1-2-3_tail;A1-2-3_BM;chr2;121370826;121370827;C;T;Strc
A1-3-1;A1-3-1_tail;A1-3-1_BM;chr2;121370826;121370827;C;T;Strc
A1-3-2;A1-3-2_tail;A1-3-2_BM;chr2;121370826;121370827;C;T;Strc
A1-3-5;A1-3-5_tail;A1-3-5_BM;chr2;121370826;121370827;C;T;Strc
A1-3-6;A1-3-6_tail;A1-3-6_BM;chr2;121370826;121370827;C;T;Strc
A1-4-1;A1-4-1_tail;A1-4-1_BM;chr2;121370826;121370827;C;T;Strc
A1-4-3;A1-4-3_tail;A1-4-3_BM;chr2;121370826;121370827;C;T;Strc
A1-4-5;A1-4-5_tail;A1-4-5_BM;chr2;121370826;121370827;C;T;Strc
A1-4-7;A1-4-7_tail;A1-4-7_BM;chr2;121370826;121370827;C;T;Strc
A2-1-1;A2-1-1_tail;A2-1-1_BM;chr2;121370826;121370827;C;T;Strc
A2-2-1;A2-2-1_tail;A2-2-1_BM;chr2;121370826;121370827;C;T;Strc
A2-2-2;A2-2-2_tail;A2-2-2_BM;chr2;121370826;121370827;C;T;Strc
A1-3-5;A1-3-5_tail;A1-3-5_BM;chr2;154202621;154202622;G;A;Bpifb1
A1-2-1;A1-2-1_tail;A1-2-1_BM;chr2;163339346;163339347;G;A;Jph2
A1-2-2;A1-2-2_tail;A1-2-2_BM;chr2;163339346;163339347;G;A;Jph2
A1-2-3;A1-2-3_tail;A1-2-3_BM;chr2;163339346;163339347;G;A;Jph2
A1-3-1;A1-3-1_tail;A1-3-1_BM;chr2;163339346;163339347;G;A;Jph2
A1-3-2;A1-3-2_tail;A1-3-2_BM;chr2;163339346;163339347;G;A;Jph2
A1-3-6;A1-3-6_tail;A1-3-6_BM;chr2;163339346;163339347;G;A;Jph2
A1-4-1;A1-4-1_tail;A1-4-1_BM;chr2;163339346;163339347;G;A;Jph2
A1-4-3;A1-4-3_tail;A1-4-3_BM;chr2;163339346;163339347;G;A;Jph2
A1-4-5;A1-4-5_tail;A1-4-5_BM;chr2;163339346;163339347;G;A;Jph2
A1-4-7;A1-4-7_tail;A1-4-7_BM;chr2;163339346;163339347;G;A;Jph2
A2-1-1;A2-1-1_tail;A2-1-1_BM;chr2;163339346;163339347;G;A;Jph2
A2-2-1;A2-2-1_tail;A2-2-1_BM;chr2;163339346;163339347;G;A;Jph2
A2-2-2;A2-2-2_tail;A2-2-2_BM;chr2;163339346;163339347;G;A;Jph2
B1-4-5;B1-4-5_tail;B1-4-5_BM;chr3;92028012;92028013;C;T;Pglyrp3
A1-3-1;A1-3-1_tail;A1-3-1_BM;chr3;93397452;93397453;T;A;Rptn
A2-2-1;A2-2-1_tail;A2-2-1_BM;chr3;95734876;95734877;T;C;Ecm1
A2-2-2;A2-2-2_tail;A2-2-2_BM;chr3;95734876;95734877;T;C;Ecm1
C1-2-1;C1-2-1_tail;C1-2-1_BM;chr3;95734876;95734877;T;C;Ecm1
C1-2-2;C1-2-2_tail;C1-2-2_BM;chr3;95734876;95734877;T;C;Ecm1
C2-2-1;C2-2-1_tail;C2-2-1_BM;chr3;95734876;95734877;T;C;Ecm1
C2-2-2;C2-2-2_tail;C2-2-2_BM;chr3;95734876;95734877;T;C;Ecm1
A2-2-1;A2-2-1_tail;A2-2-1_BM;chr3;96854557;96854558;A;G;Pdzk1
A2-2-2;A2-2-2_tail;A2-2-2_BM;chr3;96854557;96854558;A;G;Pdzk1
C1-2-1;C1-2-1_tail;C1-2-1_BM;chr3;96854557;96854558;A;G;Pdzk1
C1-2-2;C1-2-2_tail;C1-2-2_BM;chr3;96854557;96854558;A;G;Pdzk1
C2-2-1;C2-2-1_tail;C2-2-1_BM;chr3;96854557;96854558;A;G;Pdzk1
C2-2-2;C2-2-2_tail;C2-2-2_BM;chr3;96854557;96854558;A;G;Pdzk1
D1-1-1;D1-1-1_tail;D1-1-1_BM;chr4;12075493;12075494;G;A;Tmem67
D1-2-1;D1-2-1_tail;D1-2-1_BM;chr4;12075493;12075494;G;A;Tmem67
D1-2-2;D1-2-2_tail;D1-2-2_BM;chr4;12075493;12075494;G;A;Tmem67
D1-2-3;D1-2-3_tail;D1-2-3_BM;chr4;12075493;12075494;G;A;Tmem67
A2-2-1;A2-2-1_tail;A2-2-1_BM;chr4;21873684;21873685;C;G;Pnisr
A2-2-2;A2-2-2_tail;A2-2-2_BM;chr4;21873684;21873685;C;G;Pnisr
C1-2-1;C1-2-1_tail;C1-2-1_BM;chr4;21873684;21873685;C;G;Pnisr
C1-2-2;C1-2-2_tail;C1-2-2_BM;chr4;21873684;21873685;C;G;Pnisr
C2-2-1;C2-2-1_tail;C2-2-1_BM;chr4;21873684;21873685;C;G;Pnisr
C2-2-2;C2-2-2_tail;C2-2-2_BM;chr4;21873684;21873685;C;G;Pnisr
A1-4-1;A1-4-1_tail;A1-4-1_BM;chr4;56790899;56790900;C;A;Ikbkap
B1-3-5;B1-3-5_tail;B1-3-5_BM;chr4;81335755;81335756;C;T;Mpdz
A1-2-2;A1-2-2_tail;A1-2-2_BM;chr4;94638234;94638235;T;G;Lrrc19
E1-2-1;E1-2-1_tail;E1-2-1_BM;chr4;94638234;94638235;T;G;Lrrc19
A1-1-1;A1-1-1_tail;A1-1-1_BM;chr4;113177004;113177005;G;A;Skint6
A1-3-1;A1-3-1_tail;A1-3-1_BM;chr4;113177004;113177005;G;A;Skint6
A1-3-2;A1-3-2_tail;A1-3-2_BM;chr4;113177004;113177005;G;A;Skint6
A1-3-5;A1-3-5_tail;A1-3-5_BM;chr4;113177004;113177005;G;A;Skint6
A1-4-1;A1-4-1_tail;A1-4-1_BM;chr4;113177004;113177005;G;A;Skint6
A1-4-3;A1-4-3_tail;A1-4-3_BM;chr4;113177004;113177005;G;A;Skint6
A1-4-5;A1-4-5_tail;A1-4-5_BM;chr4;113177004;113177005;G;A;Skint6
A1-4-7;A1-4-7_tail;A1-4-7_BM;chr4;113177004;113177005;G;A;Skint6
A2-2-1;A2-2-1_tail;A2-2-1_BM;chr4;126165462;126165463;T;C;Thrap3
A2-2-2;A2-2-2_tail;A2-2-2_BM;chr4;126165462;126165463;T;C;Thrap3
C1-2-1;C1-2-1_tail;C1-2-1_BM;chr4;126165462;126165463;T;C;Thrap3
C2-2-1;C2-2-1_tail;C2-2-1_BM;chr4;126165462;126165463;T;C;Thrap3
A2-2-1;A2-2-1_tail;A2-2-1_BM;chr4;126165536;126165537;G;A;Thrap3
A2-2-2;A2-2-2_tail;A2-2-2_BM;chr4;126165536;126165537;G;A;Thrap3
A2-2-1;A2-2-1_tail;A2-2-1_BM;chr4;138221673;138221674;C;T;Hp1bp3
A2-2-2;A2-2-2_tail;A2-2-2_BM;chr4;138221673;138221674;C;T;Hp1bp3
C1-2-1;C1-2-1_tail;C1-2-1_BM;chr4;138221673;138221674;C;T;Hp1bp3
C1-2-2;C1-2-2_tail;C1-2-2_BM;chr4;138221673;138221674;C;T;Hp1bp3
C2-2-1;C2-2-1_tail;C2-2-1_BM;chr4;138221673;138221674;C;T;Hp1bp3
C2-2-2;C2-2-2_tail;C2-2-2_BM;chr4;138221673;138221674;C;T;Hp1bp3
A2-2-1;A2-2-1_tail;A2-2-1_BM;chr4;140798123;140798124;A;G;Padi3
A2-2-2;A2-2-2_tail;A2-2-2_BM;chr4;140798123;140798124;A;G;Padi3
C1-2-1;C1-2-1_tail;C1-2-1_BM;chr4;140798123;140798124;A;G;Padi3
C1-2-2;C1-2-2_tail;C1-2-2_BM;chr4;140798123;140798124;A;G;Padi3
C2-2-1;C2-2-1_tail;C2-2-1_BM;chr4;140798123;140798124;A;G;Padi3
C2-2-2;C2-2-2_tail;C2-2-2_BM;chr4;140798123;140798124;A;G;Padi3
A2-2-1;A2-2-1_tail;A2-2-1_BM;chr4;148944359;148944360;T;C;Casz1
A2-2-2;A2-2-2_tail;A2-2-2_BM;chr4;148944359;148944360;T;C;Casz1
C1-2-1;C1-2-1_tail;C1-2-1_BM;chr4;148944359;148944360;T;C;Casz1
C1-2-2;C1-2-2_tail;C1-2-2_BM;chr4;148944359;148944360;T;C;Casz1
C2-2-1;C2-2-1_tail;C2-2-1_BM;chr4;148944359;148944360;T;C;Casz1
C2-2-2;C2-2-2_tail;C2-2-2_BM;chr4;148944359;148944360;T;C;Casz1
D1-1-1;D1-1-1_tail;D1-1-1_BM;chr5;36947125;36947126;C;T;Ppp2r2c
D2-1-1;D2-1-1_tail;D2-1-1_BM;chr5;36947125;36947126;C;T;Ppp2r2c
E1-1-1;E1-1-1_tail;E1-1-1_BM;chr5;36947125;36947126;C;T;Ppp2r2c
E1-2-1;E1-2-1_tail;E1-2-1_BM;chr5;36947125;36947126;C;T;Ppp2r2c
E1-2-2;E1-2-2_tail;E1-2-2_BM;chr5;36947125;36947126;C;T;Ppp2r2c
A2-2-1;A2-2-1_tail;A2-2-1_BM;chr5;89775351;89775352;C;T;Adamts3
A2-2-2;A2-2-2_tail;A2-2-2_BM;chr5;89775351;89775352;C;T;Adamts3
C1-2-1;C1-2-1_tail;C1-2-1_BM;chr5;89775351;89775352;C;T;Adamts3
C1-2-2;C1-2-2_tail;C1-2-2_BM;chr5;89775351;89775352;C;T;Adamts3
C2-2-1;C2-2-1_tail;C2-2-1_BM;chr5;89775351;89775352;C;T;Adamts3
C2-2-2;C2-2-2_tail;C2-2-2_BM;chr5;89775351;89775352;C;T;Adamts3
A2-2-1;A2-2-1_tail;A2-2-1_BM;chr5;96758142;96758143;T;C;Fras1
A2-2-2;A2-2-2_tail;A2-2-2_BM;chr5;96758142;96758143;T;C;Fras1
C1-2-1;C1-2-1_tail;C1-2-1_BM;chr5;96758142;96758143;T;C;Fras1
C1-2-2;C1-2-2_tail;C1-2-2_BM;chr5;96758142;96758143;T;C;Fras1
C2-2-1;C2-2-1_tail;C2-2-1_BM;chr5;96758142;96758143;T;C;Fras1
C2-2-2;C2-2-2_tail;C2-2-2_BM;chr5;96758142;96758143;T;C;Fras1
A2-2-1;A2-2-1_tail;A2-2-1_BM;chr5;112762721;112762722;C;T;Myo18b
A2-2-2;A2-2-2_tail;A2-2-2_BM;chr5;112762721;112762722;C;T;Myo18b
C1-2-1;C1-2-1_tail;C1-2-1_BM;chr5;112762721;112762722;C;T;Myo18b
C1-2-2;C1-2-2_tail;C1-2-2_BM;chr5;112762721;112762722;C;T;Myo18b
C2-2-1;C2-2-1_tail;C2-2-1_BM;chr5;112762721;112762722;C;T;Myo18b
C2-2-2;C2-2-2_tail;C2-2-2_BM;chr5;112762721;112762722;C;T;Myo18b
A2-1-1;A2-1-1_tail;A2-1-1_BM;chr5;114355245;114355246;A;C;Myo1h
D2-1-1;D2-1-1_tail;D2-1-1_BM;chr5;124798975;124798976;A;C;Dnah10
D2-1-1;D2-1-1_tail;D2-1-1_BM;chr5;125515125;125515126;A;T;Aacs
D2-1-1;D2-1-1_tail;D2-1-1_BM;chr5;148107016;148107017;G;A;Mtus2
A2-2-1;A2-2-1_tail;A2-2-1_BM;chr6;39081049;39081050;C;T;Tbxas1
A2-2-2;A2-2-2_tail;A2-2-2_BM;chr6;39081049;39081050;C;T;Tbxas1
C1-2-1;C1-2-1_tail;C1-2-1_BM;chr6;39081049;39081050;C;T;Tbxas1
C1-2-2;C1-2-2_tail;C1-2-2_BM;chr6;39081049;39081050;C;T;Tbxas1
C2-2-1;C2-2-1_tail;C2-2-1_BM;chr6;39081049;39081050;C;T;Tbxas1
C2-2-2;C2-2-2_tail;C2-2-2_BM;chr6;39081049;39081050;C;T;Tbxas1
A2-2-1;A2-2-1_tail;A2-2-1_BM;chr6;39400456;39400457;T;A;Mkrn1
A2-2-2;A2-2-2_tail;A2-2-2_BM;chr6;39400456;39400457;T;A;Mkrn1
C1-2-1;C1-2-1_tail;C1-2-1_BM;chr6;39400456;39400457;T;A;Mkrn1
C1-2-2;C1-2-2_tail;C1-2-2_BM;chr6;39400456;39400457;T;A;Mkrn1
C2-2-1;C2-2-1_tail;C2-2-1_BM;chr6;39400456;39400457;T;A;Mkrn1
C2-2-2;C2-2-2_tail;C2-2-2_BM;chr6;39400456;39400457;T;A;Mkrn1
D2-1-1;D2-1-1_tail;D2-1-1_BM;chr6;67423511;67423512;C;T;Il23r
A1-2-2;A1-2-2_tail;A1-2-2_BM;chr6;124535236;124535237;C;T;C1s1
A1-3-1;A1-3-1_tail;A1-3-1_BM;chr6;124535236;124535237;C;T;C1s1
A1-3-2;A1-3-2_tail;A1-3-2_BM;chr6;124535236;124535237;C;T;C1s1
A1-3-5;A1-3-5_tail;A1-3-5_BM;chr6;124535236;124535237;C;T;C1s1
A1-3-6;A1-3-6_tail;A1-3-6_BM;chr6;124535236;124535237;C;T;C1s1
A1-4-1;A1-4-1_tail;A1-4-1_BM;chr6;124535236;124535237;C;T;C1s1
A1-4-7;A1-4-7_tail;A1-4-7_BM;chr6;124535236;124535237;C;T;C1s1
A1-1-1;A1-1-1_tail;A1-1-1_BM;chr6;141250433;141250434;C;T;Pde3a
A1-2-1;A1-2-1_tail;A1-2-1_BM;chr6;141250433;141250434;C;T;Pde3a
A1-2-2;A1-2-2_tail;A1-2-2_BM;chr6;141250433;141250434;C;T;Pde3a
A1-2-3;A1-2-3_tail;A1-2-3_BM;chr6;141250433;141250434;C;T;Pde3a
A1-3-1;A1-3-1_tail;A1-3-1_BM;chr6;141250433;141250434;C;T;Pde3a
A1-3-2;A1-3-2_tail;A1-3-2_BM;chr6;141250433;141250434;C;T;Pde3a
A1-3-5;A1-3-5_tail;A1-3-5_BM;chr6;141250433;141250434;C;T;Pde3a
A1-3-6;A1-3-6_tail;A1-3-6_BM;chr6;141250433;141250434;C;T;Pde3a
A1-4-1;A1-4-1_tail;A1-4-1_BM;chr6;141250433;141250434;C;T;Pde3a
A1-4-3;A1-4-3_tail;A1-4-3_BM;chr6;141250433;141250434;C;T;Pde3a
A1-4-5;A1-4-5_tail;A1-4-5_BM;chr6;141250433;141250434;C;T;Pde3a
A1-4-7;A1-4-7_tail;A1-4-7_BM;chr6;141250433;141250434;C;T;Pde3a
A2-1-1;A2-1-1_tail;A2-1-1_BM;chr6;141250433;141250434;C;T;Pde3a
A2-2-1;A2-2-1_tail;A2-2-1_BM;chr6;141250433;141250434;C;T;Pde3a
A2-2-2;A2-2-2_tail;A2-2-2_BM;chr6;141250433;141250434;C;T;Pde3a
A2-2-1;A2-2-1_tail;A2-2-1_BM;chr7;3222537;3222538;T;C;Nlrp12
A2-2-2;A2-2-2_tail;A2-2-2_BM;chr7;3222537;3222538;T;C;Nlrp12
C1-2-1;C1-2-1_tail;C1-2-1_BM;chr7;3222537;3222538;T;C;Nlrp12
C1-2-2;C1-2-2_tail;C1-2-2_BM;chr7;3222537;3222538;T;C;Nlrp12
C2-2-1;C2-2-1_tail;C2-2-1_BM;chr7;3222537;3222538;T;C;Nlrp12
C2-2-2;C2-2-2_tail;C2-2-2_BM;chr7;3222537;3222538;T;C;Nlrp12
D2-1-1;D2-1-1_tail;D2-1-1_BM;chr7;45575850;45575851;C;T;Bcat2
A2-2-1;A2-2-1_tail;A2-2-1_BM;chr7;56131292;56131293;G;A;Herc2
A2-2-2;A2-2-2_tail;A2-2-2_BM;chr7;56131292;56131293;G;A;Herc2
C1-2-1;C1-2-1_tail;C1-2-1_BM;chr7;56131292;56131293;G;A;Herc2
C1-2-2;C1-2-2_tail;C1-2-2_BM;chr7;56131292;56131293;G;A;Herc2
C2-2-1;C2-2-1_tail;C2-2-1_BM;chr7;56131292;56131293;G;A;Herc2
C2-2-2;C2-2-2_tail;C2-2-2_BM;chr7;56131292;56131293;G;A;Herc2
A2-2-1;A2-2-1_tail;A2-2-1_BM;chr7;79111354;79111355;A;C;Acan
A2-2-2;A2-2-2_tail;A2-2-2_BM;chr7;79111354;79111355;A;C;Acan
C1-2-1;C1-2-1_tail;C1-2-1_BM;chr7;79111354;79111355;A;C;Acan
C1-2-2;C1-2-2_tail;C1-2-2_BM;chr7;79111354;79111355;A;C;Acan
C2-2-1;C2-2-1_tail;C2-2-1_BM;chr7;79111354;79111355;A;C;Acan
C2-2-2;C2-2-2_tail;C2-2-2_BM;chr7;79111354;79111355;A;C;Acan
A2-2-1;A2-2-1_tail;A2-2-1_BM;chr7;102973309;102973310;C;T;Olfr577
A2-2-2;A2-2-2_tail;A2-2-2_BM;chr7;102973309;102973310;C;T;Olfr577
C1-2-1;C1-2-1_tail;C1-2-1_BM;chr7;102973309;102973310;C;T;Olfr577
C1-2-2;C1-2-2_tail;C1-2-2_BM;chr7;102973309;102973310;C;T;Olfr577
C2-2-1;C2-2-1_tail;C2-2-1_BM;chr7;102973309;102973310;C;T;Olfr577
C2-2-2;C2-2-2_tail;C2-2-2_BM;chr7;102973309;102973310;C;T;Olfr577
B1-4-13;B1-4-13_tail;B1-4-13_BM;chr7;105144072;105144073;T;G;Olfr683
D1-2-3;D1-2-3_tail;D1-2-3_BM;chr7;108346731;108346732;A;T;Olfr493
D1-2-1;D1-2-1_tail;D1-2-1_BM;chr7;108346732;108346733;T;A;Olfr493
D1-2-3;D1-2-3_tail;D1-2-3_BM;chr7;108346732;108346733;T;A;Olfr493
A2-2-1;A2-2-1_tail;A2-2-1_BM;chr7;120135179;120135180;G;A;Zp2
A2-2-2;A2-2-2_tail;A2-2-2_BM;chr7;120135179;120135180;G;A;Zp2
C1-2-1;C1-2-1_tail;C1-2-1_BM;chr7;120135179;120135180;G;A;Zp2
C1-2-2;C1-2-2_tail;C1-2-2_BM;chr7;120135179;120135180;G;A;Zp2
C2-2-1;C2-2-1_tail;C2-2-1_BM;chr7;120135179;120135180;G;A;Zp2
C2-2-2;C2-2-2_tail;C2-2-2_BM;chr7;120135179;120135180;G;A;Zp2
A2-2-1;A2-2-1_tail;A2-2-1_BM;chr7;122167650;122167651;C;T;Plk1
A2-2-2;A2-2-2_tail;A2-2-2_BM;chr7;122167650;122167651;C;T;Plk1
C1-2-1;C1-2-1_tail;C1-2-1_BM;chr7;122167650;122167651;C;T;Plk1
C1-2-2;C1-2-2_tail;C1-2-2_BM;chr7;122167650;122167651;C;T;Plk1
C2-2-1;C2-2-1_tail;C2-2-1_BM;chr7;122167650;122167651;C;T;Plk1
C2-2-2;C2-2-2_tail;C2-2-2_BM;chr7;122167650;122167651;C;T;Plk1
A1-4-1;A1-4-1_tail;A1-4-1_BM;chr7;131146074;131146075;G;A;4933402N03Rik
A1-3-1;A1-3-1_tail;A1-3-1_BM;chr8;15063858;15063859;C;T;Myom2
A1-3-1;A1-3-1_tail;A1-3-1_BM;chr8;45970406;45970407;A;G;1700029J07Rik
B1-2-1;B1-2-1_tail;B1-2-1_BM;chr8;46513672;46513673;T;G;Acsl1
A1-3-2;A1-3-2_tail;A1-3-2_BM;chr8;62017235;62017236;T;C;Ddx60
B1-3-4;B1-3-4_tail;B1-3-4_BM;chr8;80496720;80496721;C;T;Gypa
B1-3-5;B1-3-5_tail;B1-3-5_BM;chr8;80496720;80496721;C;T;Gypa
D1-1-1;D1-1-1_tail;D1-1-1_BM;chr8;104931069;104931070;T;C;Ces2e
D2-1-1;D2-1-1_tail;D2-1-1_BM;chr8;110508916;110508917;T;G;Hydin
A1-4-3;A1-4-3_tail;A1-4-3_BM;chr9;18988836;18988837;C;T;Olfr834
A2-2-1;A2-2-1_tail;A2-2-1_BM;chr9;25130622;25130623;C;G;Herpud2
C1-2-1;C1-2-1_tail;C1-2-1_BM;chr9;25130622;25130623;C;G;Herpud2
C1-2-2;C1-2-2_tail;C1-2-2_BM;chr9;25130622;25130623;C;G;Herpud2
C2-2-1;C2-2-1_tail;C2-2-1_BM;chr9;25130622;25130623;C;G;Herpud2
C2-2-2;C2-2-2_tail;C2-2-2_BM;chr9;25130622;25130623;C;G;Herpud2
D2-1-1;D2-1-1_tail;D2-1-1_BM;chr9;50907505;50907506;G;A;Sik2
B1-3-4;B1-3-4_tail;B1-3-4_BM;chr9;62696892;62696893;G;C;Itga11
A2-2-1;A2-2-1_tail;A2-2-1_BM;chr9;109145537;109145538;T;C;Fbxw21
A2-2-2;A2-2-2_tail;A2-2-2_BM;chr9;109145537;109145538;T;C;Fbxw21
C1-2-1;C1-2-1_tail;C1-2-1_BM;chr9;109145537;109145538;T;C;Fbxw21
C1-2-2;C1-2-2_tail;C1-2-2_BM;chr9;109145537;109145538;T;C;Fbxw21
C2-2-1;C2-2-1_tail;C2-2-1_BM;chr9;109145537;109145538;T;C;Fbxw21
C2-2-2;C2-2-2_tail;C2-2-2_BM;chr9;109145537;109145538;T;C;Fbxw21
B1-4-5;B1-4-5_tail;B1-4-5_BM;chrX;9309685;9309686;C;T;Xk
A1-1-1;A1-1-1_tail;A1-1-1_BM;chrX;17243570;17243571;G;A;Efhc2
A1-3-5;A1-3-5_tail;A1-3-5_BM;chrX;42211151;42211152;G;T;Stag2
B1-2-1;B1-2-1_tail;B1-2-1_BM;chrX;64272307;64272308;C;A;Slitrk4
B1-2-2;B1-2-2_tail;B1-2-2_BM;chrX;64272307;64272308;C;A;Slitrk4
D2-1-1;D2-1-1_tail;D2-1-1_BM;chrX;84373534;84373535;C;T;Dmd
B1-4-10;B1-4-10_tail;B1-4-10_BM;chrX;112120945;112120946;C;T;Tex16
A2-2-1;A2-2-1_tail;A2-2-1_BM;chrX;134693042;134693043;C;A;Armcx4
A2-2-2;A2-2-2_tail;A2-2-2_BM;chrX;134693042;134693043;C;A;Armcx4
C1-2-1;C1-2-1_tail;C1-2-1_BM;chrX;134693042;134693043;C;A;Armcx4
C1-2-2;C1-2-2_tail;C1-2-2_BM;chrX;134693042;134693043;C;A;Armcx4
C2-2-1;C2-2-1_tail;C2-2-1_BM;chrX;134693042;134693043;C;A;Armcx4
C2-2-2;C2-2-2_tail;C2-2-2_BM;chrX;134693042;134693043;C;A;Armcx4
A1-4-7;A1-4-7_tail;A1-4-7_BM;chrX;134806690;134806691;G;A;Armcx2
B1-3-1;B1-3-1_tail;B1-3-1_BM;chrX;164458666;164458667;A;G;Asb11
B1-3-2;B1-3-2_tail;B1-3-2_BM;chrX;164458666;164458667;A;G;Asb11
B1-3-5;B1-3-5_tail;B1-3-5_BM;chrX;164458666;164458667;A;G;Asb11
B1-4-1;B1-4-1_tail;B1-4-1_BM;chrX;164458666;164458667;A;G;Asb11
B1-4-13;B1-4-13_tail;B1-4-13_BM;chrX;164458666;164458667;A;G;Asb11
B1-4-5;B1-4-5_tail;B1-4-5_BM;chrX;164458666;164458667;A;G;Asb11
C1-2-1;C1-2-1_tail;C1-2-1_BM;chr10;42533259;42533260;A;T;Snx3
C1-2-2;C1-2-2_tail;C1-2-2_BM;chr10;42533259;42533260;A;T;Snx3
C2-2-2;C2-2-2_tail;C2-2-2_BM;chr10;42533259;42533260;A;T;Snx3
C2-2-2;C2-2-2_tail;C2-2-2_BM;chr10;58232607;58232608;C;T;Dux
C2-2-2;C2-2-2_tail;C2-2-2_BM;chr13;119477808;119477809;C;A;4833420G17Rik
C2-2-2;C2-2-2_tail;C2-2-2_BM;chr17;47400410;47400411;T;C;Guca1a
D2-1-1;D2-1-1_tail;D2-1-1_BM;chr5;97054873;97054874;C;T;Bmp2k
A2-2-2;A2-2-2_tail;A2-2-2_BM;chr9;25130622;25130623;C;G;Herpud2
